Fighter Ace LAN Server - CHANGE LOG
==============================================================================
Split out of server.py's docstring on 2026-07-25, current build v328.
Newest first. server.py keeps only the banner, the TODO list and the
bc/appspace LENGTH RULE notes; the per-version history lives here.
Inline '# vNNN:' comments in the code body were deliberately NOT moved -
they explain why a specific line is the way it is and must stay with it.

*** NEW BASELINE 2026-07-30: v373f5 is the current stable baseline and is now
    the canonical server.py (server.py == server-fable5.py == v373f5, byte-
    identical). The fable5 fork line has caught up to trunk; from here server.py
    IS the fork. Prior stable rollback point on disk: server-fable5-v362f5-
    stable.py. The one open caveat in this baseline is the v373f5 identity fix,
    which is deployed and compile-verified but still UNTESTED in live play (see
    its entry). Everything below it (through v371f5's 256-wedge cure) is
    field-confirmed stable. ***
==============================================================================

v389f5: [PERF/SCALE] Move the telemetry-relay sendto() off the single RX thread - the throughput
      ceiling behind the load-related faults (KILO's dropped auth, and consistent with Lufty's
      state desync + ALL41_MAD's freeze). server.py only. Step toward the 50-player goal.

      THE CEILING: relay_telemetry builds one CUSTOMISED packet per flying peer (recipient tick
      re-stamp + per-peer _relay_seq) and did sock.sendto() for each one INLINE on the recv thread
      - O(N) syscalls per frame, O(N^2)/s across a room. Broadcasts (send pool), ACKs (async
      sender) and lazy object-creates were already off the RX thread; this highest-frequency path
      was not. While the RX thread is buried in that syscall storm it isn't calling recvfrom(),
      the OS buffer overflows, and inbound datagrams are dropped - v388 enlarged the buffer to
      absorb bursts, this removes the sustained per-frame cost so it scales.

      FIX: the RX thread still BUILDS every per-peer packet (userspace only; ALL shared per-peer
      relay state - _created_peers, _relay_seq, last_telem_tick - stays on the RX thread, so NO new
      cross-thread races are introduced) and appends (addr, pkt) to a batch. After the peer loop it
      hands the whole batch to ONE dedicated relay-send thread (_relay_send_loop) that performs the
      sendto() syscalls. One thread draining a FIFO queue of per-frame batches preserves per-peer
      ordering EXACTLY: each peer's _relay_seq is still strictly increasing and its packets still
      leave in that order (verified in isolation: 200 frames x 5 peers, every peer in-order).

      WHY IT'S SAFE: the offload is send-only and order-preserving; nothing about parsing,
      state, dedupe or create logic changes. RELAY_SEND_ASYNC=False restores the verbatim inline
      sendto for instant A/B comparison.

      REMAINING CEILING (for >50): the RX thread still PARSES every packet and BUILDS the O(N)
      per-peer packets serially. If that becomes the limit, the next step is a sharded RX-worker
      model (recv thread -> per-session-hashed ordered worker queues) so parsing/build parallelise
      too - bigger and race-sensitive, deferred until measurement shows it's needed.

      TEST: populated session - watch that a late joiner during a fight reaches '== v197 AUTH ==',
      that STALL-WATCH 'reliable RX idle' warnings drop sharply, and that planes still move
      smoothly (relay ordering intact). Startup shows a 'relay-send' thread. If anything looks off
      (stutter, dupes, lost objects), set RELAY_SEND_ASYNC=False and restart to compare.

      REVERT: RELAY_SEND_ASYNC=False (single-flag).

==============================================================================

v388f5: [PERF] Enlarge OS socket buffers so a new client's auth isn't dropped under load.
      server.py only. Fixes KILO's 'loads 100% -> blank splash -> awaiting-server-connection
      timer -> closes, never gets in'.

      DIAGNOSIS (run_20260801_023556 + KILO client log messages23): KILO connected during a
      10-player dogfight. SYN was handled (sid=116 'Ready') - SYNs run on their own thread - but
      the client's reliable AUTH DATA (client logged 'UserName KILO' / 'out 222' at 18:19:08)
      NEVER reached the server: there is no 'SEQ9 first reliable DATA' and no '== v197 AUTH ==' for
      that session. The client sat on a blank splash ~44s and closed (client log ends 18:19:52).
      A quieter retry 4 min later (sid=117) auth'd and got in fine. Meanwhile the log carried 228
      STALL-WATCH 'reliable RX idle' warnings (up to 65s) during the fight.

      ROOT CAUSE: the recv loop dispatches SYNs to threads but runs on_pkt for EVERY other packet
      (telemetry relay, ACKs, reliable auth/command DATA) SYNCHRONOUSLY on the single recv thread.
      While it is busy relaying a dogfight to ~10 peers it is not calling recvfrom(), and the
      default Windows UDP receive buffer (~64KB) overflows during the burst - so the kernel drops
      inbound datagrams, KILO's auth among them. Nothing in the server even sees the packet, which
      is why it left no trace.

      FIX: request SO_RCVBUF and SO_SNDBUF of 4 MB each right after socket creation (logged with the
      value the kernel actually grants - Windows typically honors it, Linux doubles it). ~64x the
      default buffer holds the inbound burst until the recv thread loops back to recvfrom, so a new
      client's auth (and existing players' reliable packets) survive a busy fight. SNDBUF is raised
      too so the relay's own sendto bursts don't stall.

      SCOPE / FOLLOW-UP: this absorbs BURSTS, which is the KILO case. It does not raise steady-state
      throughput - the synchronous single-thread relay is still the ceiling (~10-12 players is the
      edge; the 228 stall warnings reflect that pressure). If populated sessions keep growing, the
      next step is to decouple recvfrom from processing (fast recv thread -> per-session ordered
      worker queues) so relay work never blocks the socket drain. Deferred: bigger, concurrency-
      sensitive change; the buffer bump is the safe high-value fix for the reported symptom.

      TEST: at the next populated session, a late joiner during a fight should now reach
      '== v197 AUTH ==' and load in instead of hanging on the splash. Startup logs the granted
      SO_RCVBUF/SO_SNDBUF. REVERT: delete the setsockopt loop.

==============================================================================

v387f5: [SESSION] Dead-client idle reaper - the last uncovered exit path. server.py only.
      Completes the session-cleanup set alongside v385f5 (reconnect-reap) and v386f5 (clean
      disconnect). This one covers an ungraceful CTD whose client NEVER reconnects: no
      vcncDisconnect is sent (so v386f5 can't fire) and the account never comes back (so the
      v385f5 reconnect-reap can't fire), leaving a single lingering ghost until a server restart.

      WHY 60s IS SAFE (not a live-player killer): a live client streams two-way TIME pings
      (clock-sync RESYNC, ~5s cadence - the game needs continuous sync for telemetry timing) plus
      reliable ACKs the whole time. DEBUG capture run_20260801_002705 measured max inbound gap =
      8.3s over a 40s session, median 0.01s. So a session with ZERO inbound for 60s is provably a
      dead client, not an idle one. Earlier worry about a 226s 'silence' (server_2_.log, Warrior)
      was an artifact of INFO-level logging hiding the sz=8/sz=12 ping/ACK traffic - those packets
      were flowing; they're just DEBUG-only.

      MECHANISM: on_pkt stamps s.last_rx on EVERY inbound packet that resolves to a session (so
      time-pings/ACKs keep a live session fresh - it can't be clipped). A daemon reaper scans every
      IDLE_REAP_SCAN_S (15s) and, for each AUTH-established, not-already-torn session whose last
      inbound is older than IDLE_REAP_S (60s), calls _teardown_session (same cleanup as every other
      exit: broadcast the pilot delete, free ClientNumber + start-place, pop). Mid-auth sessions are
      excluded (they can be briefly quiet during the ~15s handshake). Reaping a dead in-game
      session is desirable - it broadcasts the leave so peers drop the stale plane.

      FLAGS: IDLE_SESSION_REAP=True (set False to disable), IDLE_REAP_S=60.0, IDLE_REAP_SCAN_S=15.0.

      TEST: connect a client, hard-kill it (Task Manager / pull the plug - NO clean quit), do NOT
      reconnect. Within ~60-75s expect 'IDLE-REAP  reaped idle session ... no inbound for Ns
      (ungraceful CTD, no reconnect)' and active_sessions back to baseline. Regression check: a
      normally-connected idle client sitting in the lobby/arena for minutes must NOT be reaped.

      REVERT: IDLE_SESSION_REAP=False (single-flag).

==============================================================================

v386f5: [SESSION] Clean disconnect now actually closes the session (no more ghost after a
      graceful client Exit/Quit). server.py only. Builds on v385f5's _teardown_session.

      RE of vcncNet.dll (loaded into Ghidra) settled what the client does on a clean close
      (FUN_007e71b0): a three-step handshake ExitAppSpace -> Disconnect -> Close, each blocking
      on a server reply. vcncDisconnect (@0x1000b43c) sends reliable command 2 and treats a reply
      whose command field == 0x64 as success (else / on timeout it logs 'Can't disconnect
      server'). Our pl2[3]=0x64 IS that ack. On the wire the disconnect is a normal reliable
      packet (command 2 at pl[2:4]) that arrives via the compound path (handle_compound ->
      inner_cmd==2), so the server already parsed and answered it correctly.

      THE BUG: the inner_cmd==2 handler sent the 0x64 reply and returned WITHOUT tearing the
      session down. DEBUG capture run_20260801_002705 shows it exactly: client sends ExitAppSpace
      then Disconnect, server replies (seq=25 'disconnect reply', ACKed OK), client pings a few
      more seconds and vanishes (10054) - and the session is STILL live afterwards. Ghost.
      (Earlier confusion: 'disconnect reply'/cmd==2 showed 0 in older logs because those sessions
      were all ungraceful window-kills that never sent vcncDisconnect; and one client log showed
      VCNCMD_FATALLOSTCONNECTION *before* the disconnect - that was the pre-v385f5 ghost-lockout
      window, where the connection was already dead so vcncDisconnect never transmitted.)

      FIX: both disconnect handlers (compound inner_cmd==2, and the non-compound post-auth cmd==2
      fallback) now send the 0x64 ack and THEN call _teardown_session(why='(client
      vcncDisconnect)'). send_rel is synchronous, so the client gets its ack before the session is
      torn down; the teardown broadcasts the pilot delete and frees the ClientNumber/slot. Result:
      a graceful Exit/Quit closes the session immediately and cleanly - the reconnect-reap
      (v385f5) remains the backstop only for ungraceful CTDs that never send a disconnect.

      NOTE: this does NOT tear down on ExitAppSpace (inner_cmd==5) - leaving the app space can be
      a return-to-menu while staying connected; only the explicit Disconnect closes the session.

      TEST: DEBUG on, clean menu-quit; expect 'inner vcncDisconnect -> disconnect reply +
      teardown' then the session gone (no lingering 10054 ghost, active_sessions back to baseline).

      REVERT: drop the two _teardown_session(why='(client vcncDisconnect)') calls.

==============================================================================

v385f5: [SESSION] Fix ghost-session / ClientNumber leak that locked an account out of arenas
      (Taurus / account Sinistarr: could not see arenas, empty Arena screen, could not chat in
      lobby, could not enter an arena for ~1 hour). server.py only.

      CONFIRMED from server_2_.log: account Sinistarr reconnected 42 times; the reconnect-reap
      (_reap_stale_sessions) fired only 3 times; global active_sessions climbed monotonically
      (to 12) and only reset on a server restart. Classic ghost accumulation.

      ROOT CAUSE: sessions were removed from `sids` by several routes, but only the reap and the
      moderator-kick did the FULL cleanup. The others leaked:
        - in-game disconnect (recv late-ack path): freed the start-place and broadcast leave,
          but NEVER called free_client_number or teardown_ingame_presence -> the global
          ClientNumber and the in-game player slot leaked on every ungraceful drop;
        - compound + post-auth vcncExitAppSpace reply-timeout paths: bare `sids.pop` with NO
          cleanup at all;
        - heartbeat-3x-fail path: bare pop (never actually fires on Windows - sendto does not
          fail there - so it was not the trigger here, but it leaked too).
      Once a session leaves `sids`, its leaked ClientNumber/slot/roster entry live on in the
      game+arena object tables where the reconnect-reap (which only walks `sids`) can never
      reach them. They pile up across reconnects until slot/object-ids collide and the account
      can no longer be placed into an arena - exactly the reported lockout.

      FIX: one shared cleanup path, _teardown_session(x, why), used by ALL exit routes (reap,
      heartbeat-loss, both exit-reply timeouts, in-game disconnect, and the reap on reconnect).
      It broadcasts the pilot delete to peers (broadcast_player_leave = the msg-63 REMOVE),
      tears down in-game presence, and returns the ClientNumber + start-place to the pool, then
      pops the session. Idempotent (guarded by x._torn_down) so double-exit paths are safe. The
      reconnect-reap now matches `not _torn_down` (was `not closing`) and delegates to the same
      helper - so a new connection for an account authoritatively terminates any prior session
      AND broadcasts the delete, preventing the object-id overwrites.

      NOTE: pre-existing ghosts from before this build are cleared by a one-time server restart.
      After restart, watch that repeated reconnects for one account either log a REAP line or a
      clean teardown, that active_sessions returns to baseline instead of climbing, and that the
      affected account can enter an arena again.

      REVERT: restore the four bare-pop sites and the pre-v385 _reap_stale_sessions body.

==============================================================================

v384f5: [HANGAR] Fix each side showing only ~1/3 of its planes (the '9 GB planes' report).
      PRE-EXISTING bug, NOT the war-date feature - the date filter (v383f5) was exonerated:
      the short hangar appeared IDENTICALLY in dated and undated arenas, so the date push was
      never the cause. server.py only; behind a flag.

      SYMPTOM: a side's hangar showed a stride-3 subset of its roster - GB served 27 flyable
      planes (DEBUG plane-teams confirmed byte0 US=22 GB=27 SU=19 GE=23 JP=19 in the 1945 arena)
      but the client displayed only 9 = 27/3, at pool positions 0,3,6,9,12,15... That 3x is the
      signature of the client's msg-58 pool decoder (FUN_004eff50) reading the 0x3a catalog echo
      as (Size-1)/3 THREE-byte records while the bytes were flat 1-byte ids.

      ROOT CAUSE: the client UPLOADS the catalog as flat 1-byte ids and expects the echo back as
      3-byte records [id][ushort]. Under PLANE_FILTER_VIA_CATALOG=True (v381 and earlier) the
      filtered re-echo emitted proper 3-byte records, so the pool was correct. When v382 flipped
      to byte0 gating (PLANE_FILTER_VIA_CATALOG=False) to cure the nation-bleed, that re-echo
      stopped running - 0x3a fell through to the DEFAULT echo, which bounces the upload back
      VERBATIM (1-byte). Client then read (28-1)/3 = 9. The regression was invisible because we
      only ever verified nation isolation via the 0x3a UPLOAD counts, never the hangar DISPLAY.

      FIX: new flag CATALOG_ALWAYS_3BYTE_ECHO (True) makes the 3-byte RE-ENCODING of the 0x3a
      echo unconditional. Per-side FILTERING still only runs under PLANE_FILTER_VIA_CATALOG
      (byte0 gates the side under False, so no bleed returns); the echo is simply always
      re-encoded 1-byte -> 3-byte. Verified in isolation: a 27-id GB catalog now yields Size=82
      -> client reads (82-1)/3 = 27 (was Size=28 -> 9). Reuses the exact proven True-path packet
      builder (build_ingame_pkt sets Size=n exactly, so no pad/garbage records).

      REVERT: CATALOG_ALWAYS_3BYTE_ECHO=False restores the old verbatim-echo behaviour.

      TEST on a THROWAWAY arena: enter, open the hangar, confirm the side now lists its FULL
      roster (GB ~27-28, not 9). Watch run_*.log for 'cmd=0 sub=0x3a -> re-encoded N (3-byte
      recs, ...)'. The 0x3a path has CTD history - if the arena page asserts, flip the flag off.

==============================================================================

v383f5: [WAR-DATE] Per-arena war-date plane filter + client date push. NEW FEATURE (engine +
      web panel), opt-in per arena. Touches server.py AND web_server.py. DB backed up.
      *** OPT-IN + DORMANT: nothing changes until an admin ticks a war date on an arena. ***

      WHAT IT DOES: an arena can be marked with a full war DATE (day/month/year) from the web
      Arena Management panel (Edit Settings -> War date). When set: (1) aircraft that had not
      entered service by that date are hidden from that arena's hangars (a 1943 arena hides
      1944+ planes); (2) the date is pushed into the arena's GAME_DEF so the CLIENT shows it too.
      Unticked = no restriction (all planes), which is every existing arena's behaviour.

      WHY OPT-IN: the probe (probe_arena_dates.py) confirmed all current arenas carry the stock
      22-Jun-1941 default, so a blanket filter would strip every 1942+ plane from the everyday
      arenas. The feature does nothing unless settings_json.war_enabled=1 for that arena.

      HOW (all on the v382-proven-safe byte0 path, NO new wire mechanism):
        * PLANE_SERVICE_YEAR: intro year per plane (121, keyed by name, vetted with the pilots).
        * plane_camp_for_room / _session_slot_camp remap out-of-window planes to camp 7 (NU),
          which apply_plane_teams already writes as byte0 0x80 - hidden from all standard sides,
          NEVER 0x00, so no GameDef 1902 CTD. Zero new masking code.
        * apply_war_date / _gamedef_date_offset push the Reality date bytes (day/month/year u16 LE)
          into the decompressed GAME_DEF - length-preserving, same pipeline as the AA patch. Date
          offset VERIFIED against 5 live arenas (all read 22/06/1941 = raw 16 06 95 07).
        * web_server.py: 'War date (plane era)' section in the arena settings editor (checkbox +
          day/month/year), stored in settings_json; a date_read bridge shows the arena's current
          GAME_DEF date as the default. Server passes extract_date_from_gamedef as that bridge.

      FLAGS / REVERT: WAR_DATE_ENABLED=False kills the whole feature (filter + push) in one flag;
      WAR_DATE_PUSH_TO_CLIENT=False keeps the plane filter but stops rewriting the client's date.

      TEST FIRST on a THROWAWAY arena (methodology): tick a date (e.g. 01/01/1943), enter, and
      check (1) only <=1943 planes appear per side; (2) NO GameDef.cpp:1902 CTD; (3) the client's
      in-game date reads 1943; (4) side-switching doesn't hang HQ. Watch run_*.log for the
      'war-date @+... pushed to client' line. If anything asserts, untick the arena (or flip
      WAR_DATE_ENABLED=False) - existing arenas are untouched either way.

      NOTE (verification gap at deploy time): server.py was compile-verified byte-for-byte against
      the tested replica. web_server.py edits were clean single-region inserts and the inserted
      blocks parse in isolation + the server<->web bridge arg count matches (10/10), but the full
      web_server.py was not compiled in the sandbox. The game server imports web_server at startup,
      so a syntax error would surface immediately as an ImportError in the startup log - confirm a
      clean 'Web interface running' line after restart.

==============================================================================

v382f5: [HANGAR] PLANE_FILTER_VIA_CATALOG False again - now SAFE, grounded on a full FA.exe RE of
      the GAME_DEF codec. Fixes the per-side plane 'bleed' via the byte-0 flyability gate, and lays
      the foundation for mixed-team/coalition arenas. DEPLOYED after v380f5's CTD; DB backed up.
      *** TEST ON ONE THROWAWAY ARENA BEFORE BROAD USE - see falsify criteria. ***

      THE RE (four functions read in FA.exe, base 0x400000, saved to re_findings.md):
        - FUN_00438330  = flyability gate: flyable = *(gamedef+0x558+planeId*0x1c) & (1<<camp).
                          Pure 32-bit bitmask AND. Record is 0x1c (28) bytes in memory.
        - FUN_00575be0  = GameDef_Serialize: writes the wire blob. Per plane: byte0=mask; if mask==0
                          STOP (1-byte record); else emit marker(0xff no-hascamp) + 2 limit bytes.
        - FUN_0057bee0  = wire DESERIALIZER = THE crashing function (GameDef.cpp:1902 'Len==0').
                          Its plane loop keys ONLY on (mask==0?) and (marker==0xff?) and copies the
                          mask value VERBATIM into the flyability dword - it never validates it:
                              mask==0             -> 1-byte record   <-- the ONLY dangerous value
                              mask!=0 & [1]==0xff  -> 4-byte [mask][0xff][lim][lim]
                              mask!=0 & [1]!=0xff  -> 6-byte hascamp form
        - FUN_0057f610  = .cfg text parser: PlanesAvailable does mask|=(1<<camp); PlanesProhibited
                          does mask&=~(1<<camp). Confirms byte0 == per-camp bitmask.

      WHAT THIS SETTLES: the v380 (and v332) CTD was NOT 'bit 7 illegal' and NOT 'per-camp masks are
      unsafe'. It was ONLY that the v380 guard wrote byte0=0x00 for the NU planes. 0x00 flips the
      reader to its 1-byte branch while the server's fixed 4-byte writer emits 4 bytes -> the block
      desyncs -> leftover Len!=0 -> the 1902 assertion. Every NONZERO mask (0x01..0x10 per nation,
      0x80 for NU, or a coalition mask like 0x03/0x1c) parses IDENTICALLY to the stock 0x1f. Proven
      from the crashing function itself, not inferred from the writer.

      THE FIX (apply_plane_teams, False path): byte0 = (1<<camp) for camps 0..4
      (US=0x01 GB=0x02 SU=0x04 GE=0x08 JP=0x10); byte0 = 0x80 for camps 5..7 (NU) - a non-standard
      camp bit, so FUN_00438330 hides those planes from all five WWII sides while keeping the record
      the 4-byte form (mask nonzero). NEVER 0x00. Verified across all 121 slots: correct per-nation
      masks, the four NU planes (Me-163B/Ouragan/Tunnan/HA-200) all 0x80, and ZERO planes at 0x00.
      The other 0x00 writer, apply_plane_hide, stays OFF (STAFF_HIDE_VIA_GAMEDEF=False), so no 0x00
      reaches the arena-page block from any path. apply_plane_byte0_override still sets Me-163B=0x80
      (now a no-op vs the teams pass) and continues to hard-refuse 0x00.

      MIXED TEAMS (future): the gate is a bitmask, so a coalition arena is a one-line change here -
      OR the member camps' bits instead of a single bit: US+GB -> 0x03, GE+JP+SU -> 0x1c. No new
      mechanism; FUN_00438330 already coalition-filters correctly. Noted at the code site.

      FALSIFY (throwaway arena first): (1) each side's hangar shows ONLY its own nation's planes
      (bleed gone); (2) NO GameDef.cpp:1902 CTD on the arena page; (3) side-switching does not hang
      the HQ menu. If (2) or (3) fail, flip PLANE_FILTER_VIA_CATALOG back to True (one flag) -> the
      bleed returns but the arena page is stable. KNOWN OPEN: whether 0x80 actually surfaces the NU
      planes ON the NU tab (vs merely hiding them from standard sides) is not yet observed - check
      an admin's NU hangar in the same test.

==============================================================================

v381f5: [HANGAR - REVERT of v380f5] PLANE_FILTER_VIA_CATALOG back to True. v380f5 (False) CTD'd
      EVERY client at the arena page: GameDef.cpp:1902 'Assertion failed (Len==0)' (messages89.log),
      the same assertion as the historical v332 CTD. Server restored to the known-good runtime
      behaviour (== v379f5).

      CORRECTED ROOT CAUSE: the crash was NOT the standard per-nation 1<<camp masks (US=0x01 ...
      JP=0x10). It was the camp>=5 guard I added in v380, which wrote byte0 = 0x00 for the four NU
      planes (Me-163B, Ouragan, Tunnan, HA-200). 0x00 = no camp bit set is EXACTLY the value the
      GAME_DEF parser rejects - it is the documented v332 trigger, and apply_plane_byte0_override
      already hard-REFUSES 0x00 for this precise reason. My guard wrote 0x00 directly in
      apply_plane_teams, bypassing that refusal, and it landed in the arena-page GAME_DEF served to
      everyone -> universal CTD. I had the v380 hazard exactly backwards: I wrote 0x00 to AVOID the
      (untested) bit-7 0x80, but 0x00 is itself the crash.

      THE DEEPER, DURABLE CONCLUSION: the GAME_DEF byte-0 flyability gate CANNOT express 'hidden from
      all standard sides' safely. Every nonzero byte-0 value files the plane on SOME nation tab;
      0x00 crashes the parser; bits 5/6/7 are untested. apply_plane_hide does write 0x00 but only on
      non-arena-page paths that never reach the shared arena GAME_DEF. This is the actual reason
      PLANE_FILTER_VIA_CATALOG=True has to exist: the 0x3a echo removes NU/staff planes from the LIST
      so their byte0 can stay the safe 0x1f. => The byte-0 gate is a DEAD END for the per-side
      'bleed' as long as any NU/staff-only plane is in the pool. Do NOT set False again; it CTDs
      every client.

      NET STATE: the hangar 'bleed' (all nations' planes visible on every side) is a KNOWN COSMETIC
      ISSUE, reverted to the stable pre-v380 behaviour. A real fix would have to drive the nation-tab
      display by some mechanism OTHER than GAME_DEF byte0, OR remove all NU/staff-only planes from
      the pool so byte0 masking becomes safe - neither attempted here. The v380 camp>=5 guard line
      remains in apply_plane_teams as DEAD CODE (only reachable on the False path, which is now off);
      left in place so the hazard is documented at the site, but it must be changed from 0x00 before
      False is ever revisited.

==============================================================================

v380f5: [HANGAR] PLANE_FILTER_VIA_CATALOG = True -> False. Switches per-side hangar filtering from
      the 0x3a catalog echo (which never actually filtered the DISPLAY) to the native GAME_DEF
      byte-0 flyability gate. Addresses the 'other nations' planes bleed into every side' symptom.

      WHY (settled after the v375-v379 detour): the client draws each plane's nation TAB from the
      GAME_DEF plane-info array byte 0 (FUN_006de570; documented in the apply_plane_byte0_override
      docstring), NOT from the 0x3a echo. Under True, apply_plane_teams writes byte0=0x1f (all camps)
      for every plane, so the GAME_DEF says 'every plane belongs to every side' and the hangar shows
      the full all-nation list on every side - exactly the bleed. The 0x3a echo only ever controlled
      list MEMBERSHIP, never the nation-tab display, so it could not fix the bleed no matter what it
      sent. This was NOT an ordering bug: Me-163B is correctly hidden for a non-mod, which proves the
      byte0-override at slot 118 hit the right plane => the GAME_DEF plane block is in PLANE_ROSTER
      order, and all three orderings (PLANE_ROSTER, the 0x3a upload id-space, the GAME_DEF block)
      agree. (This is also why v378's Preload-order reorder was wrong and was reverted in v379.)

      FIX: False makes apply_plane_teams write byte0 = (1<<camp) per plane, so FUN_00438330 greys
      wrong-nation planes and each side's hangar shows only its own aircraft. Verified per slot:
      US=0x01 GB=0x02 SU=0x04 GE=0x08 JP=0x10, correctly assigned to Pe-8->SU, A6M2->JPN,
      Dauntless->GB, C-47A/SBD-2->USA, etc.

      SAFETY (the v332 bit-7 CTD): under False, camp 7 (NU) would make apply_plane_teams write
      1<<7 = 0x80, the UNTESTED byte-0 value that caused the v332 arena-page CTD (crashes the page
      for EVERYONE, not just the viewer). GUARDED: apply_plane_teams now writes 0x00 for any camp
      >= 5 (NU + unused 5/6) instead of 1<<camp. The NU planes (Me-163B, and the v377 movers
      Ouragan/Tunnan/HA-200) therefore get byte0=0x00 = flyable by no standard nation. Me-163B is
      then set to 0x80 by PLANE_BYTE0_OVERRIDE (the TESTED single-slot path, already live-verified
      as 'hidden for non-mod'); apply_plane_hide also zeroes staff planes. Confirmed NO plane
      receives 0x80 from the bulk apply_plane_teams loop.

      KNOWN LIMITATION / FOLLOW-UP: the three NON-Me-163B NU movers (Ouragan 113, Tunnan 112,
      HA-200 46) now get byte0=0x00 and have NO override, so under False they appear on NO nation
      tab - effectively hidden from everyone including NU admins. They were staff/NU-only anyway so
      this is not a regression from normal play, but if they should be flyable on the NU tab they
      need adding to PLANE_BYTE0_OVERRIDE ({..., 113:0x80, 112:0x80, 46:0x80}). NOT done here
      because 0x80-as-NU-tab is only proven for Me-163B via 'hidden', not via 'appears on NU' -
      verify the Me-163B actually shows on an admin's NU tab first, then extend the override.

      THE OPEN RISK (why this is a live test, not a settled fix): True was originally chosen because
      the byte0 gate shrinks the per-side flyable list on a side change, which historically forced a
      heavy leave/re-entry handshake that HUNG the HQ menu. The reliability work since (v371 256-
      wedge cure, universal counter-unwrap, event-driven queue drain) targets exactly that wedge, so
      the hang may no longer occur - but this is UNVERIFIED. FALSIFY: (1) each side's hangar shows
      ONLY its own nation's planes (bleed gone); (2) switching sides at the team-select/HQ screen
      does NOT freeze the menu. If (2) fails, flip PLANE_FILTER_VIA_CATALOG back to True (one flag)
      and the bleed returns but side-switching is smooth - then the fix is to repair the side-change
      handshake rather than the filter path.

==============================================================================

v379f5: [IDENTITY/CRITICAL - REVERT of v378f5] Rolled PLANE_ROSTER back to the v377f5 order. v378f5
      was WRONG and made the hangars worse (run_20260730_104631: GB/SU/JP planes bled into every
      side).

      MY MISTAKE in v378: I read the client-side log's 'Preload available planes' list as the
      plane-id namespace and re-ordered PLANE_ROSTER to match it. The Preload list is the model
      LOAD order, NOT the id space. Proof I should have run BEFORE deploying: decode the client's
      own 0x3a upload bytes against each candidate order and see which yields clean contiguous
      nation runs.
        - against the v377 (old) order: USA x16, GB x17, SU x14, GE x16, JPN x12, then the bomber
          tail grouped by nation - CLEAN. This is the real id space.
        - against the Preload order (v378): USA planes interleaved with Tu-2/Ju-52/D3A at positions
          13-15 - SCRAMBLED.
      The v377 order was correct all along; the six 'wrong flag' planes are a SEPARATE, still-open
      issue (see below), not evidence the roster was wrong.

      This revert is a wholesale restore: PLANE_ROSTER, PLANE_BYTE0_OVERRIDE (back to Me-163B id
      118), and the L2D2 comment are all returned to their v377f5 text; only VERSION differs
      (v379f5). Verified on disk: roster == v377f5 order exactly; compiles clean.

      STILL OPEN (the ACTUAL remaining bug): even under the correct v377 order, the user reports
      other nations' planes 'bleed into' each side's hangar list. The filter fires and sends the
      right kept-set (verified), so the bleed is either (a) the client rendering planes the filter
      did NOT remove because len(kept)==len(ids) short-circuits the echo on some side, or (b) a
      record-format / count issue in the 3-byte echo the client then mis-slots. NEXT STEP: capture
      one side's hangar with `loglevel file DEBUG` on, so the full sent-catalog hex is logged, and
      compare the exact bytes sent vs the planes the client shows. Do NOT touch PLANE_ROSTER again
      without first decoding the live 0x3a upload against it and confirming clean nation runs.

==============================================================================

v378f5: [IDENTITY/CRITICAL] PLANE_ROSTER RE-ALIGNED TO THE CLIENT'S PLANE-ID SPACE. This is the
      true root cause behind the ENTIRE multi-session hangar saga (v375-v377): the wrong-flag
      planes, the nation moves "not working", and the mislabeled hangars. It was never the filter
      and never the per-plane teams.

      GROUND TRUTH (client-side log messages85.log): the client's 'Preload available planes' list
      IS the client's internal aircraft order - i.e. THE plane-id namespace that every 0x3a catalog
      byte, spawn ONumber, and kill/telemetry record is expressed in. Comparing it to the server's
      PLANE_ROSTER: SAME 121 names, but the ORDER disagreed at 110 of 121 positions. So the server
      was speaking a different plane-id dialect than the client: it filtered/echoed the catalog
      using ITS ids, the client rendered them using ITS ids, and every position where the two
      diverged showed the wrong aircraft. Concretely, that produced EXACTLY the reported symptoms:
        - USA hangar showed Dauntless + Dakota (GB variants); GB was missing both.
        - GB showed Pe-8 + Li-2 (SU); SU showed Ju-88 + Ju-52 (GE); GE showed HA-200 + D3A.
        - JPN showed SBD-2 + C-47A (USA) and was MISSING the A6M2.
      All of it is one bug: a scrambled id<->name table.

      FIX: PLANE_ROSTER re-ordered to EXACTLY equal the client Preload order (verified list ==
      client order, 121 planes, same set). Because EVERY other plane attribute - PLANE_VALUE_2004,
      PLANE_VALUE_NAMES, BOMBER_PLANE_NAMES, PLANE_TEAMS, STAFF_ONLY_PLANES - is keyed BY NAME, they
      all follow the reorder automatically; PLANE_ROSTER is the ONLY positional (index-keyed) table.
      Two hardcoded id-literals were updated to match the new order:
        - PLANE_BYTE0_OVERRIDE: Me-163B 118 -> 65 (its client-preload id).
        - the L2D2 "client omits id 107" comment -> id 120 (L2D2's new id). (STAFF_ONLY_PLANE_IDS is
          computed by name via enumerate(PLANE_ROSTER), so it needed no change.)

      VERIFIED before deploy (simulated the real 0x3a upload against the new roster + PLANE_TEAMS):
        - all 13 of the user's specific complaints resolve: USA loses Dauntless/Dakota, GB gains
          both and loses Pe-8/Li-2, SU loses Ju-88/Ju-52, GE loses HA-200/D3A, JPN loses SBD-2/
          C-47A and REGAINS the A6M2.
        - per-side kept counts (real catalog): USA 24, GB 28, SU 21, GE 23, JPN 19.
        - value/class spot-check by new id: F4U-4C(id13)=2000, A6M2(id68)=1150 fighter, SBD-2(id80)
          =650 bomber, Pe-8(id97)=1150 bomber - all correct; 4 newsletter anchors still exact;
          bomber count still 41.
      Compiles clean; on-disk byte-identical to the tested replica.

      IMPORTANT GOING FORWARD: PLANE_ROSTER is now INDEX-LOCKED to the client. Do NOT reorder it
      without a fresh client Preload capture. If a future client build adds/reorders planes, re-pull
      the Preload list and re-align. The old (pre-v378) order should be considered CORRUPT - any
      historical scoring or spawn decode done under it mapped some ids to the wrong plane.

      ROLLBACK: previous build is v377f5 (this session). server.py.bak and
      server-fable5-v362f5-stable.py remain on disk as older fallbacks. FALSIFY: open the hangar on
      each side at INFO - the POST-AUTH 'catalog filtered' line still fires, and now each side shows
      only its own aircraft, correctly labeled; JPN shows the A6M2; GB shows Dauntless and Dakota.

      NOTE on the six "wrong flag" planes from the v377 note: they are resolved by THIS fix, not a
      client-side limitation as v377 concluded. The v377 reasoning (that the markings were baked
      client-side) was wrong - the planes were mislabeled because the server sent the wrong ids, and
      correcting the id space fixes them.

==============================================================================

v377f5: [HANGAR/ECONOMY-DATA + CLEANUP] Nation moves + close-out of the v375/v376 diagnostic
      detour. THREE parts:

      (1) THE FILTER WAS NEVER BROKEN - RESOLVED. The v375/v376 hunt for a "dead" side-catalog
      filter was chasing a LOGGING artifact, not a code fault. Proof chain:
        * v376f5's CATDIAG2 fired with guard1=True, guard2=True, kept=25 (USA) / 29 (GB) on real
          hangar opens (run_20260730_082408, _083652) - the filter enters, computes, and reaches
          the send. build_ingame_pkt is a 3-line byte-packer that cannot raise on that input, and
          the send_reply thread is spawned right after.
        * The reason NO run ever showed the 'catalog filtered' confirmation: fa_logging._TAG_LEVELS
          maps 'POST-AUTH' -> DEBUG, and the file log level defaults to INFO
          (FILE_LOG_LEVEL_DEFAULT='INFO'). Every POST-AUTH line, including the filter confirmation,
          is DEBUG and is filtered out of run_*.log. It was NEVER muted - 'logunmute POST-AUTH' had
          no effect because mute and level are independent gates. CATDIAG/CATDIAG2 aren't in
          _TAG_LEVELS so they default to INFO and showed, which is the ONLY reason they were
          visible while POST-AUTH wasn't.
        LESSON: 'grep TAG = 0 hits' does not mean the code path is untaken if TAG is DEBUG and the
        file is at INFO. Check the tag's level before concluding a feature is dead. The earlier
        'the filter has never fired' claim was wrong on exactly this point.

      FIX for visibility: the filter-confirmation line is now emitted with level='INFO' (the tag
      stays POST-AUTH; only that one call is lifted) so the proof-of-fire line shows at the normal
      file level from now on. To see the full DEBUG firehose for a repro, still use `loglevel file
      DEBUG` and set it back after (DEBUG ~= 55MB / 8-player session).

      Removed the v375 CATDIAG block and the two v376 CATDIAG2 lines - they served their purpose.
      The filter body is back to its pre-diagnostic form (behaviour unchanged; verified the block
      is byte-clean of CATDIAG).

      (2) NATION MOVES (PLANE_TEAMS). Now safe to apply because the per-side filter is confirmed
      working - a moved plane actually shows on its new side's hangar:
        * Dauntless (id 60)  USA(default) -> GB (camp 1). The FAA Fleet Air Arm Dauntless. This is
          a SEPARATE roster entry from the US Navy "SBD-2" (id 104), which STAYS USA. (The user's
          earlier "SBD-2 -> US" note was the same display confusion; SBD-2 was already USA.)
        * Ouragan (id 113)   GB -> NU (camp 7). French Dassault MD.450 - post-war, not a WWII
          Allied type.
        * Tunnan  (id 112)   GB -> NU (camp 7). Swedish SAAB J29.
        * HA-200  (id 46)    GE -> NU (camp 7). Spanish Hispano HA-200 Saeta - post-war, not Axis.
      NOTE: NU (camp 7) is the ADMIN-ONLY side, so Ouragan/Tunnan/HA-200 are now STAFF-VISIBLE
      ONLY (same gating as the Me-163B), not flyable by everyone. That is the correct reading of
      "move to NEU"; if any of them should instead be world-flyable, they need a real national
      side, not NU. Per-side kept counts after the move (on the real client catalog): USA 24, GB
      28, SU 22, GE 24, JPN 18, NU 4 (staff).

      (3) THE SIX "WRONG FLAG" PLANES (Pe-8, Li-2 shown GB; Ju-88, Ju-52 shown SU; A6M2, L2D2
      shown GE) are NOT a server bug and are NOT fixed here - deliberately. They are ALREADY on
      the correct team in PLANE_TEAMS, and the per-side filter (now confirmed working) shows each
      side only its own planes. The wrong ROUNDEL/paint is the client rendering each aircraft's
      built-in national marking from FA.exe model data, which the server does not control and
      cannot change without a client mod (out of scope). KNOWN CLIENT-SIDE COSMETIC LIMITATION.

      FALSIFY (all three): open the hangar on a side at INFO level -> expect a POST-AUTH 'catalog
      filtered 119->N' line (now visible). On GB, Dauntless present and Ouragan/Tunnan absent; on a
      staff pilot's NU side, Ouragan/Tunnan/HA-200 present. REVERT: the four PLANE_TEAMS moves are
      independent one-line list edits; the INFO bump is the single level='INFO' arg.

==============================================================================

v376f5: [DIAG/HANGAR] Deeper filter instrumentation - v375f5's CATDIAG RULED OUT the queue-ordering
      theory. run_20260730_081813 shows, on two hangar opens:
        CATDIAG ... sub=0x3a _cat_pfx=False FILTER_FLAG=True nation=1 _have_side=True ... (GB)
        CATDIAG ... sub=0x3a _cat_pfx=False FILTER_FLAG=True nation=4 _have_side=True ... (JPN)
      EVERY gate is True and s.nation is correctly set - so the outer `if` MUST enter - yet still
      no `catalog filtered` line appears and no exception/thread-death follows (SUPPLY-CAP/ACE88/
      STAT25 keep flowing). Replaying the exact captured bytes through the filter by hand SUCCEEDS
      (size=120 fits, ids=119, GB keeps 29 / JPN keeps 18, guard2 True) - so the code as written
      should build+send+log. The live code does not. That contradiction can only be resolved by
      seeing the filter body execute, so this version logs CATDIAG2 at two inner points: right
      after entering the outer if (with _b/size/guard1), and right after computing kept (with
      ids/sc_entries/kept/guard2). Diagnostic only, two log lines, no behaviour change.
      NEXT: one hangar-open on a side. If NO CATDIAG2 appears despite CATDIAG showing all-True, the
      running bytes differ from source at that if (investigate deploy/caching). If CATDIAG2 ENTERED
      appears but guard1/guard2 is False, it pins the exact inner guard. If both are True but still
      no filtered echo, the issue is the send path. Nation moves + filter fix still held pending.

==============================================================================

v375f5: [DIAG/HANGAR] Instrumentation for the SIDE-CATALOG FILTER, which a catalog capture proved
      has NEVER fired. Investigating the reported "wrong flag" planes (Pe-8/Li-2 shown GB, Ju-88/
      Ju-52 shown SU, A6M2/L2D2 shown GE) led to a bigger finding than a per-plane teams error:

      GROUND TRUTH (run_20260730_074736, Bigalon's 0x3a upload decoded):
        * The client's catalog is a fixed 119-id DISPLAY-ORDER list (it omits id 107 L2D2 and id
          118 Me-163B). Our PLANE_ROSTER maps every id->name CORRECTLY against it - the roster is
          NOT shifted, so the earlier off-by-one theory is disproved.
        * Simulating the server's own side-filter on that real upload yields PERFECT national
          groupings (USA 25, GB 29, SU 22, GE 25, JPN 18) - Pe-8->SU, Ju-88->GE, A6M2->JPN all
          correct. So when the filter FIRES, the hangar is right.
        * But `catalog filtered` appears in ZERO runs (every log checked). The per-side filter has
          never once executed, so the client always falls back to its OWN built-in nation grouping
          - which is the wrong-flag source. This is a WHOLE-FEATURE outage, not six mislabeled
          planes.

      Static analysis narrowed it to the filter's outer guard evaluating False at runtime even
      though sub==0x3a, PLANE_FILTER_VIA_CATALOG==True, and the pilot is on a side: the remaining
      suspect is s.nation being None when the QUEUED 0x3a is drained (handle_post_auth runs off the
      post_auth_cmds queue, so it can process the catalog after a later 'LEFT team' reset nation to
      None). The CAREER block (same function, needs only entered_game) fires; the filter (needs
      _have_side) does not - consistent with nation==None at filter time.

      THIS VERSION adds a CATDIAG log on every 0x3a that reaches the filter, dumping sub, _cat_pfx,
      the filter flag, s.nation, _have_side, _hide count, and entered_game. Diagnostic only - no
      behaviour change, one log line. Next hangar-open session will show exactly which gate is
      False, then the real fix follows (likely: resolve the catalog against the side the client is
      actually browsing rather than s.nation, or re-run the filter when nation is set).
      FALSIFY/READ: open the hangar on a side; expect a CATDIAG line. If it shows nation=None while
      the pilot is on a side, the queue-ordering hypothesis is confirmed.

      NOTE on the requested NATION MOVES (Dauntless->GB, Ouragan/Tunnan/HA-200->NEU): deliberately
      NOT applied yet. They are PLANE_TEAMS edits that only take visible effect once the filter
      actually fires, so they are held until v375f5's diagnosis lands the filter fix - otherwise
      they would be invisible and untestable.

==============================================================================

v374f5: [ECONOMY] JULY 2004 TC SCORING MODEL implemented from the 2004_07 official Fighter Ace
      newsletter ("Scoring Changes - What they are and what they mean"). This REPLACES the older
      ~2001 scoring.htm model (v249) with the 2004 TC rebalance. Master flag TC_ECONOMY_2004 (True);
      set False for the exact v249 model back. All values below validated against the newsletter's
      own worked examples on the deployed file.

      WHAT CHANGED (the 2004 model is different IN KIND from v249):
        * KILL = a FLAT Destroy Plane Bonus (500 pts), NOT the victim's plane value and NOT a rank
          ratio. In v249 a kill paid plane_value + (target_rank/killer_rank)x100; that whole
          mechanic is gone in 2004.
        * LOSS = the victim's plane BASE value scaled by the victim's RANK, via the rank/scoring
          modifier table (Cdt 5% ... Gen/FM 100%), plus a flat pilot loss penalty if the pilot
          actually died. A bail over friendly ground survives -> plane cost only. Crash-land in
          friendly territory is half (already handled). The newsletter's worked example reproduces
          exactly: base-2000 F4U-4C -> Cdt pays 100, LtCol 1000, Gen 2000.
        * The rank/scoring table ABANDONED all level differences in 2004 - the only rank effect now
          is the flat percentage above.

      CONSTANTS (all VERBATIM from the newsletter's final adjusted list):
        RANK_LOSS_MODIFIER_2004 = Cdt 5, Sgt 10, 2Lt 15, 1Lt 20, Cpt 30, Maj 40, LtCol 50, Col 60,
          BGen 70, MGen 80, LtGen 90, Gen 100, FM 100 (%).
        PILOT_LOSS_PENALTY_2004 = 500 *** FLAGGED VALUE ***: the newsletter self-contradicts - the
          prose says the pilot loss penalty was raised 250->1000, but the final "complete list ...
          after these adjustments" shows 500. Defaulted to 500 (the final list) per the maintainer;
          change the one constant to 1000 for the headline value.
        DESTROY_PLANE_BONUS_2004=500, DAMAGE_PLANE_BONUS_2004=250, DESTROY_HUMAN_PARACHUTE_PEN=500,
          DESTROY_AI_PARATROOPER_BONUS=50, TRIGGER_SCENE_BONUS_2004=1000, CAPTURE_SCENE_BONUS_2004=
          2000. (Kill/loss are wired now; the parachute/paratrooper/scene bonuses are defined and
          ready for when those events are attributed - nothing consumes them yet, like the existing
          GROUND_TARGET_VALUES.)
        TANK_VALUES_2004 = GE Tiger 500, SU KV-1 500, SU T-34 400, GE Panther 400, GB Cromwell 250,
          US Sherman 250, JP Type 97 100 (verbatim; defined for when ground scoring lands).

      PLANE VALUES (PLANE_VALUE_2004): *** PARTLY DERIVED - READ THIS ***. The newsletter gives only
      FOUR explicit 2004 values (Ki-100 800, Seafire III 600, Spit F Vb Trop 400, Hurricane IID 400)
      and a qualitative range (fighters 1000..2000, F4U-4C/Tempest near 2000, dedicated bombers
      lower). The full 121-plane table lived on Information/scoring.htm, which we DO NOT HAVE. So:
      the 4 explicit values are set EXACTLY; F4U-4C and Tempest are pinned to 2000 (the newsletter
      names them as the top of the band); the remaining ~115 are DERIVED by rescaling the v249
      relative ordering into the stated bands (fighters 1000..2000, bombers 600..1200). These are a
      faithful interpolation, NOT authoritative 2004 numbers. IF THE REAL scoring.htm TABLE SURFACES,
      replace the PLANE_VALUE_2004 dict wholesale - the mechanics around it are already correct.

      NOT WIRED YET (defined, waiting on their subsystems): the damage-plane bonus (needs per-hit
      damage attribution from msg 28 - see the ASSIST work), the parachute/paratrooper bonuses
      (need parachuter-hit detection), the scene trigger/capture bonuses and tank/ground values
      (need ground scoring), and the newsletter's Team Balance modifier (score x enemy/your team
      ratio - needs live per-team head-counts; noted for a later pass).

      REVERT: TC_ECONOMY_2004=False restores the v249 model exactly (kill_score + old plane table +
      flat 100/100). FALSIFY: fly a fresh session and read the SCORE log - a kill shows
      "+500 = Destroy Plane Bonus"; a death shows "-N = plane BASE x RANK% + 500 pilot loss"; a
      low-rank pilot pays a tiny fraction of a high-rank pilot for the same airframe; a bail shows
      plane cost only, no pilot-loss penalty.

==============================================================================

v373f5: [IDENTITY/CRITICAL] *** UNTESTED IN LIVE PLAY AS OF THIS BASELINE - fix deployed and
      compile-verified, but the falsification run below has NOT yet been observed. *** RECYCLED-SLOT
      MISATTRIBUTION - a departed player's telemetry straggler
      resurrected his identity on peers. Reported against v371f5: "Taurus shot and hit ALL41_MAD
      but Taurus's client showed him as AC2E_Bigalon, who had been out of the game for minutes."

      TRACE (run_20260729_210316 + messages08, room 53):
        21:03:55  AC2E_Bigalon -> ClientNumber=0 PlayerIndex=0 (holds PI 0 all session)
        21:34:33  Bigalon presses back-to-lobby (msg 64). handle_leave_arena sends his DELETE3 +
                  msg-63 REMOVE and clears _created_peers. entered_game -> False.
        21:34:33.694  <-- THE BUG: a telemetry datagram of Bigalon's, already in flight before the
                  leave, reaches relay_telemetry ~400ms later. Nothing there checked that the SOURCE
                  had left, so the lazy-create block saw an empty _created_peers and RE-CREATED his
                  object+player on ALL41_MAD ('create-object(object-only) AC2E_Bigalon -> ALL41_MAD').
                  That re-bound PlayerIndex 0 to Bigalon on the peers, undoing the REMOVE.
        21:35:35  ALL41_MAD recycles into the freed slot -> ClientNumber=0 PlayerIndex=0.
                  Taurus still had PI 0 bound to the resurrected Bigalon -> renders/attributes
                  ALL41_MAD's plane and hits as AC2E_Bigalon.

      This is the same misattribution FAMILY as the v348/v353/v355 teardown fixes, but every one of
      those closed a hole on the LEAVING/RE-JOINING path (make sure peers are TOLD to drop the
      departing player). The leak this time was on the SENDER's TELEMETRY path: even with a correct
      teardown, a single straggling flight datagram processed after the leave re-created the player
      the teardown had just removed. The recycled-slot symptom then followed mechanically.

      FIX: relay_telemetry now drops any frame whose SOURCE is no longer a live in-game participant
      - gated at the top on `not entered_game or closing or _rejoin_pending or my_obj_number is
      None`. A departed/leaving/reaping/not-yet-re-flown source can neither be relayed nor trigger a
      lazy re-create. The RX is serialised and entered_game flips to False inside
      handle_leave_arena/teardown_ingame_presence BEFORE any straggler is dequeued, so the check is
      race-free. _rejoin_pending is popped in the StartPlace re-fly path BEFORE my_obj_number/flying
      are set on re-entry, so a legitimately re-flown player is never gated. First-join players never
      have _rejoin_pending set. Single-point guard; revert = delete the 4-line check.

      FALSIFY: a player leaves via back-to-lobby (or crashes/times out) while a peer is watching,
      and NO 'create-object ... <departed> -> <peer>' appears AFTER their DELETE3/TEARDOWN; a
      different player then recycles the freed ClientNumber/PlayerIndex and every peer renders and
      attributes hits/chat to the NEW occupant, never the old one. Watch specifically for a re-fly
      after HQ: the re-joining player's OWN telemetry must still relay normally (guard clears in
      time).
      STILL OPEN: v362 harvest-freshness; cs9 wrap; friendly/enemy bail-territory rule;
      ParachuterState2 _V_FCB landing animation.

==============================================================================

v372f5: [SCORE/CTD] Two fixes from the v371f5 field run (run_20260729_210316 + messages06/07).
      The 9-bit seq fix HELD - three clients crossed 255 with downlinks staying LIVE (SEQ9
      'crossed 255' for Bigalon/Taurus/Moira, continued 'in' deliveries after; no menus/
      invisibility/wedge). These two are the remaining fallout.

  (1) PARACHUTER-PRIME CTD - a v371f5 regression, now fixed. ALL41_MAD crashed at
      'There is no GamerClientScore for Client=1' (VNet.cpp:474, messages07 21:32), immediately
      after 'Create NetParachuter ONumber=303' for Taurus's (Client=1) bail. ROOT CAUSE: the
      parachuter-create (msg-2) binds the canopy to the bailing pilot's score object, and the
      msg-25 'parachuter prime' we send just before it is what CREATES that score object on the
      peer. v371f5 moved ALL msg-25 to the unreliable channel - but THIS one is not idempotent,
      it is an ORDERING PREREQUISITE: if the prime is dropped or arrives after the create, the
      create references a score object that does not exist -> CTD. This is exactly the
      ordering-dependency risk flagged when 25 went unreliable. FIX: send_stat_block_25 gains a
      force_reliable arg; the parachuter prime passes force_reliable=True so it goes reliable
      (guaranteed to arrive, and before the reliable create which takes a higher seq). The general
      scoreboard refresh stays unreliable (genuinely idempotent). Revert: force_reliable is opt-in;
      or set SEND_STAT25_UNREL=False to put all 25s back on reliable.
      FALSIFY: repeated bails by multiple pilots, no 'GamerClientScore for Client=N' CTD on any
      peer; the prime 25 logs as reliable (TX/RELIABLE) not unreliable for the parachuter path.

  (2) MISSING CYAN KILL BANNER on non-bail kills - GENERALISED the v368/v369 announce. The banner
      only fired for kills where the relayed delete carried the HUNTER id (the long shot-down exit
      form). Damage-latched deaths, plane explosions, and husk-downs all relay the SHORT 3-byte
      SYNTHESISED exit-tail (no hunter), so the shooter's client had nothing to announce even
      though we scored the kill server-side. messages06: MEC=1/1, MEC=4/4 and MEC=5/0 husk-downs
      all scored but showed NO 'destroyed' banner; the husk-down even labelled the dead target by
      AIRCRAFT TYPE ('Spit-IXe(0)') because no pilot object was bound on the peer. The bail case
      (v368/v369) was just the first instance of this whole class. FIX (ANNOUNCE_SYNTH_KILL): when
      a kill is scored (_killer known) but the relayed tail was synthesised (_hunter is None), send
      the killer the same PLAYER_KILLED announce-33 (MEC=5/EEC=3, type 0x53) the bail path uses. It
      prints the banner and jumps PAST scoring (FUN_004f9b0f) so it cannot double-count, and it is
      SUPPRESSED when a real hunter WAS relayed (the client self-announces then). Same latch-gated
      path as the bail announce (PENDING_KILL is popped by score_on_death), so no double-fire with
      the husk-teardown credit. Revert: ANNOUNCE_SYNTH_KILL=False (single flag) leaves only the
      bail announce.
      FALSIFY: exploding an enemy aircraft OR killing its pilot yields a cyan 'destroyed' banner
      on the shooter EXACTLY ONCE; a clean shot-down (long form, real hunter) still shows exactly
      one banner (not two); kill counts unchanged.

      NOT CHANGED (deliberate, per the field notes):
        * Bail plane/life accounting is already correct server-side: the plane loss is charged only
          when the husk comes down (run_210316: '-170 (plane) [BAILED OUT - pilot survived]', no
          pilot-death 100). The client showing the plane as lost the instant the pilot steps out is
          a local HUD effect. The FRIENDLY-vs-ENEMY-territory bail rule (a bail over enemy ground
          counts as a pilot death) we still cannot honour - we have no friendly/enemy ground
          resolution yet. Tracked as a future milestone, not a v372 change.
        * The husk-down showing the target by aircraft type is a CONSEQUENCE of the missing pilot
          binding on the synthesised husk; fix (2) makes the shooter get the correct cyan banner,
          which is the user-visible ask. Relabelling the husk's own delete line with the pilot name
          would need the pilot object rebound to the husk - deferred (cosmetic once the banner is
          right).
      STILL OPEN: v362 harvest-freshness (bail conductor stale under canopy); cs9 wrap; the
      friendly/enemy bail-territory rule; ParachuterState2 _V_FCB landing animation.

==============================================================================

v371f5: [WIRE/CRITICAL] THE 256-MESSAGE RELIABLE WEDGE - ROOT-CAUSED FROM vcncNet.dll AND FIXED.
      This is the master bug behind tonight's whole symptom cluster (empty plane menus, one-way
      invisibility, hits not registering on the target). v370f5's SEQ9 instrumentation proved the
      wedge is real and deterministic - all six clients in run_20260729_200156 lost their DOWNLINK
      within one second of their SEQ9 wrap line - and a Ghidra pass on vcncNet.dll (loaded this
      session in place of FA.exe) pinned the exact cause.

      MECHANISM (proven, not hypothesised):
        * The reliable protocol is 9-BIT / mod-512 in EVERY direction. The DATA sequence is a
          9-bit field, NOT an 8-bit byte:
            - FUN_100070f6 (the client's OWN reliable-seq stamp) writes seq into the big-endian
              u16 at wire bytes[2:4] masked & 0x1ff - full 9-bit value, byte2's low bit is bit 8.
            - FUN_10006124 (QRcv enqueue) advances nExpected as (n+1) % 0x200; FUN_10006b0e
              (ACK proc) and FUN_10002a76 (ACK builder) are all 9-bit / 0x200.
        * v370f5's nrel() wrapped TX seq at 256 (&0xFF) and build_rel hardcoded byte2=0x20, so the
          wire's 9th seq bit was ALWAYS 0 - we could only express seq 0..255. At the 256th
          reliable send our wire seq read back as 0 while the client's nExpected was 256; it
          computed nOffset = 0-256 = 256 (mod 512), hit the `nOffset < 0x101` SEQUENCE-ERROR
          branch in FUN_10006124, and REJECTED that packet and every reliable packet after it.
          Downlink dead for the rest of the session. The QRcv slice shows it exactly:
            Now expecting 255 -> Enqueue 255 (QSize 0, no gap) -> Now expecting 256
            -> Sequence Error - nOffset 256 QSize 0 -> [Input] Reliable packet queue out of range!
        * The queue was EMPTY (QSize 0) the whole time - this was never a lost-packet backlog,
          it was pure seq truncation. The 2009-era source comment that justified &0xFF ('the wire
          seq is an 8-bit byte') was simply wrong about the field width.

      FIX (RELSEQ 9-bit, the actual cure):
        * nrel() now wraps at 512 (&0x1FF).
        * build_rel now carries all 9 bits: byte2 = 0x20 | (seq>>8), byte3 = seq & 0xFF. 0x2000 is
          the DATA-type flag sharing that u16 and has no bits in 0x1ff, so the seq's 9th bit is
          just byte2's low bit. Verified round-trip 0..513: the client reads back the exact seq at
          every point INCLUDING across the old 256 cliff, and wraps cleanly at 512 as it does.
        * _evts (ACK-wait keys) and _done_ring already store the 9-bit value, and the inbound ACK
          path already extracts aseq=(dw>>20)&0x1FF - so ACK lookup, wire seq, and the client's
          nExpected all stay aligned across 256 and wrap together at 512. No other change needed.
      REVERT: restore &0xFF in nrel() + the old build_rel one-liner (both shown in-comment).

      DEFENCE IN DEPTH (SEND_*_UNREL, separate single-flag reverts): idempotent SCOREBOARD state
      re-pushed on every spawn/kill/HQ-open now goes UNRELIABLE - a dropped copy is corrected by
      the next within seconds, and it was ~221 of the ~256 sends filling the window
      (run_200156: 134 ACE88 + 75 STAT25 + 12 SCORE96). msg 88 (SEND_ACE88_UNREL), msg 25
      (SEND_STAT25_UNREL), msg 96 (SEND_SCORE96_UNREL). This is NOT the fix (the 9-bit seq is) -
      it is headroom that pushes any future receive-gap stall far past real session length, plus a
      latency win. All three are fire-and-forget with no ordering dependency; if any turns out to
      need reliable delivery, flip its flag.

      Lifecycle events (CREATE2/DELETE3 object create+delete, ChangePlayer 63, the 0x3a catalog,
      DA re-attach/201) DELIBERATELY STAY RELIABLE - they are edge-triggered and a single loss
      desyncs permanently (ghost planes / invisibility), so they must never go unreliable.

      FALSIFICATION: a long multi-player session where every client crosses its 256th reliable
      send (SEQ9 'crossed 255' logged) with its downlink STAYING LIVE - continued client-side 'in'
      deliveries after the wrap, no 'Sequence Error'/'queue out of range' in vcncnet, no empty HQ
      menus, no 'Get coord for missing object' floods, hits registering both ways. Watch the
      scoreboard/rank values update correctly after kills (confirms the 88/25/96 unreliable move
      is safe); if a rank/score row goes stale, set that message's SEND_*_UNREL=False.
      STILL OPEN: the v362 harvest-freshness root (bail conductor still goes stale under canopy);
      cs9 wrap robustness; the ParachuterState2 _V_FCB landing-animation milestone (v369 notes).

==============================================================================

v370f5: [SCORE/PARA/WIRE] THREE deliverables from the run_20260729_184930 + messages77 field
      analysis, shipped in one deploy (single test window tonight, per Alon). Each is
      independently revertable.

  (1) BAIL KILL CREDIT CONSUMED AT THE SERVER-SIDE HUSK TEARDOWN - the real reason v368/v369
      never showed a banner. The run never tested the MEC=5 branch at all: all 13 deaths were
      'solo crash/crashland', zero LATCHED / BAILKILL lines - yet the DAMAGE28 latch worked
      perfectly (6x 'Lufty (obj 0x0115) DAMAGED by obj 0x011a' 19:03:11-27, then the BAIL
      line 'kill is already held ... credited when the empty plane comes down'). The husk
      never 'came down': the v349 respawn-despawn path removed it ('abandoned bail-out plane,
      re-spawn', 19:05:06.140), and that path never scored - its own comment documented the
      dropped credit as a KNOWN GAP. Both damaged bails (18:59 latch->0x010f, 19:03
      latch->0x011a) died there; Bigalon's kills sat at 9 all night.
      FIX: credit_bail_husk_kill() called at the despawn site. score_on_death(victim_obj=husk)
      pops the PENDING_KILL latch (double-credit impossible) and counts the victim's death
      with the bail discount (why=='bail' -> plane cost only). Client-side this path has NO
      scoring exit-tail (the husk delete is a plain type-3), so the shooter gets BOTH msg-33
      events a normal kill produces through its own pipeline: MEC=1/EEC=3 credit (Type 0x13 -
      safe here because no scoring exit-tail reached any client for this kill; v242's
      double-count reason does not apply on this path) and the MEC=5/EEC=3 PLAYER_KILLED
      banner (v369 branch, still gated ANNOUNCE_BAIL_KILL). Gated on the latch existing, so
      voluntary no-damage bails are untouched.
      FALSIFY: shoot a pilot into a bail and let them RESPAWN before the husk lands. At their
      respawn the server must log 'attribution: LATCHED (bail)' + BAILKILL; the shooter must
      see the cyan banner AND the HUD kill tick, exactly once (Fighters Destroyed vs Assists
      stay independent). NOTE: the shooter must not be seq-wrapped ((3) below) or the events
      are sent-and-discarded - run the test EARLY in the shooter's session.
      STILL OPEN: a bailer who QUITS mid-descent tears down via teardown_ingame_presence /
      msg-64, which know nothing of bailed_plane_obj - husk orphaned on peers AND credit lost
      on that route. Wire those after this path is field-proven.

  (2) PARACHUTE LIFETIME IS NOW EVENT-DRIVEN; the timer is a 300s FAILSAFE (was the 45s hard
      delete). The 19:03 bail (~92s real high-altitude descent) falsified two v369 claims:
      the client DOES report its own landing (its parachuter msg-3 delete arrived at
      19:05:05.884, and the 19:00:23 bail shows the v248 handler relaying that delete to
      peers cleanly on a 30s descent), and canopy telemetry IS relayed (peers flooded 'Get
      coord for missing object 283' AFTER the timer delete - impossible unless chute frames
      were still arriving for it). The 45s timer fired FIRST on long descents, deleting the
      canopy mid-air and retiring the object so the REAL landing delete was swallowed
      ('neither its own nor any peer's'). With the timer at 300s the owner's landing delete
      arrives first; the v248 handler relays it and clears para_obj_number, which cancels the
      timer thread. Answer to 'can it be unlimited': the canopy now lives the FULL real
      descent at any altitude; 300s only covers an owner who crashes/disconnects under
      canopy, so peers can never keep an eternal chute. Revert: PARA_DESCENT_SECONDS=45.
      FALSIFY: high bail -> peers keep the canopy the whole descent, it disappears at
      touchdown (bsr=1); server logs the v248 'removed (landed or killed)' relay, NOT the new
      FAILSAFE line; no missing-object floods for the chute after it lands.

  (3) SEQ-WRAP INSTRUMENTATION (log-only, zero risk) for the MASTER BUG of the run: every
      client that joined ~18:51-18:52 lost server->client RELIABLE DELIVERY at ~its 256th
      delivered reliable message, uplink still alive. Evidence: Bigalon's last delivery
      19:05:01.556 (delivered-datagram count ~256), then 542x 'Get coord for missing object
      286' (= Lufty's respawn CREATE2 at 19:05:06.762, sent-and-discarded -> the one-way
      invisibility) and 'out 58' at 19:07:26 answered-and-discarded -> EMPTY HQ PLANE MENU
      (same for Lufty at 19:07:41; v359's notes predicted this exact signature for a QRcv
      wedge). Taurus/Gary/ALL41_MAD stale-culled 0x011a (dif~29s, 19:07:52-56) instead of
      processing the reliable DELETE3 sent 19:07:26.891 -> their downlinks were dead too.
      Only Moira (joined 19:03) stayed healthy. The client's repeating 0x43/0xd2 polls at
      19:08 are the same thing: answers served, never delivered.
      HYPOTHESIS: vcnc's reliable engine is mod-512 (its ACK fields are 9-bit: acked-seq
      bits 20-28, next-expected bits 8-16) while our TX stamps only the 8-bit byte[3] and a
      bare 0x20000000 dword. At the client's 256th expected packet its strictly-in-order QRcv
      wants seq 256; we can only ever say 0..255; every later reliable delivery is discarded
      (wrap-induced version of the loss-induced wedge v359 fixed).
      INSTRUMENTATION: (a) [SEQ9] log at our own TX wrap 255->0 per session - the predicted
      wedge instant, to correlate with each client's delivery stop; (b) [SEQ9] logs of the
      dword fields on client reliable DATA (first packet baseline, first nonzero sighting,
      sparse post-wrap samples with match20/match8 verdicts): once any client's uplink cs9
      passes 255, whichever dword field still equals cs9 is the live 9-bit field build_rel
      must mirror -> that becomes v371f5's one-line TX fix and ends the empty-menu /
      one-way-invisibility class. Ghidra route also open (reliable-data RX in vcncnet.dll,
      near the ACK processor FUN_10006b0e) - the project currently has FA.exe loaded and
      needs the DLL swapped in.
      FIELD GUIDANCE TONIGHT: expect every client to wedge ~15-20 min after joining at
      current broadcast volumes (empty menus, players turning invisible, arena lists not
      refreshing). That is the bug being MEASURED, not a regression. A full client reconnect
      resets the session seq and recovers instantly - tell pilots to reconnect when it hits,
      and schedule the (1)/(2) test cases EARLY in each client's session.

==============================================================================

v369f5: [SCORE/PARA] TWO fixes, both grounded in a fresh FA.exe RE pass (ExitDataArrive
      FUN_004f8f20 + ScoreEvent handler FUN_004f9b0f decoded from machine code).

  (1) BAIL KILL BANNER - CORRECTED from v368f5's wrong branch.
      v368f5 sent MEC=2/EEC=1 (Type 0x21) and produced the WRONG message: the field test
      showed the aircraft 'crashed into ground' notification, not the cyan pilot-kill banner.
      RE proved why. The msg-33 handler keys the branch on the LOW nibble (EEC):
        EEC==1  -> a SEPARATE minimal path (NOT the kill banner) - this is what v368 hit.
        EEC!=1  -> the SCORING branch, and there the HIGH nibble (MEC) selects the event:
                   MEC=1 -> event 0x26, sets score-obj+0x2fc=1  (our existing CREDIT, Type 0x13)
                   MEC=4 -> event 0x26
                   MEC=5 -> event 0x25, the string-labelled PLAYER_KILLED path (0xa31ec8
                            'gse->Type>>4==5(PLAYER_KILLED)'), calling the SAME banner builder
                            (FUN_00478640 -> FUN_00469cf0) our normal kills use, and NOT
                            setting +0x2fc.
      ExitDataArrive (FUN_004f8f20) confirms the same MEC matrix (its EEC=5/6/0xb sub-cases
      call FUN_00478640). FIX: ANNOUNCE_BAIL_MEC 2->5, ANNOUNCE_BAIL_EEC=3 -> Type 0x53 =
      PLAYER_KILLED banner, no double-count (our MEC=1 credit already set +0x2fc; MEC=5
      does not touch it). Single-flag revert via ANNOUNCE_BAIL_KILL=False.
      FALSIFY: bail kill -> shooter sees the SAME cyan banner as a normal shoot-down (not a
      'crashed into ground' line); kill count still increments exactly once.

  (2) PARACHUTE 20s DELETE -> 45s (interim), with the proper fix scoped as a milestone.
      Request was to stop the 20s hard delete because the canopy vanished on peers while
      still visibly aloft. RE proved a straight removal would be WRONG: the networked
      parachuter is ENTIRELY server-lifecycle-controlled - messages76 shows every 'Create
      NetParachuter' is removed ONLY by a 'Server require delete ... bsr=1'; the client
      NEVER auto-lands or self-culls a networked canopy. So with no server delete the chute
      would hang FOREVER on peers. It is also a STATIC object on peers (we relay no canopy
      telemetry) so it cannot visually descend at any timer value. 20s simply cut it too
      early; 45s is a believable high-bail canopy duration and the client tolerates the
      server holding the object that long. INTERIM fix = PARA_DESCENT_SECONDS 20 -> 45.
      PROPER FIX (FUTURE MILESTONE): FA.exe drives the canopy via a STATE MACHINE -
      ParachuterState0/1/2 with network variants ParachuterState{0,1,2}_V_FCB (strings at
      0xaacd6a+), State2 = landed. Sending the real State2 message would land the canopy
      with its proper animation instead of a blunt object-delete. EEC=0xe in ExitDataArrive
      is GSET_CRASH_VIRTUAL_PARACHUTER (crash a remote canopy). Both need the _V_FCB
      dispatch ids + payload layouts RE'd - a dedicated milestone, not a checkpoint tweak.
      FALSIFY: after a bail, peers keep the canopy visible ~45s then it cleanly disappears
      (bsr=1); no eternal frozen chutes; no CTD.

==============================================================================

v368f5: [SCORE] BAIL KILL - shooter gets the score but NO cyan kill banner. Announce it.
      Reported for months as 'bail kill not credited'; the credit was actually FINE - the
      MESSAGE was missing. run_20260729_165911 proves it: Bigalon shoots Gary, Gary bails,
      the empty plane comes down at 17:05:38 ->
        KILL  attribution: LATCHED (bail) -> AC2E_Bigalon
        SCORE AC2E_Bigalon +685 ... KILL AC2E_Bigalon destroyed Gary, kills=6, ACE streak 1
      Every stat ticked. But Bigalon saw no cyan 'you destroyed Gary' banner - only the HUD/
      scoreboard updated. So this was never an attribution bug (v244-v249 fixed that); it is
      a NOTIFICATION gap specific to bails.

      WHY: a normal kill announces on the shooter's client off the victim's ExitEvent
      hit-list (msg-33, relayed to peers via RELAY_EXIT_EVENT_33). A bailed victim's plane
      comes down LATER as an empty husk - its delete is a server-synthesised exit-tail, and
      no ExitEvent hit-list naming the shooter ever reaches the shooter, so the client never
      fires its banner. The score still lands because the exit-tail delete runs each client's
      stat pipeline; only the announce is absent.
      KEY: the msg-33 handler (0x004f9ae0) has TWO MUTUALLY EXCLUSIVE branches, selected by
      EEC. EEC=3 -> SCORES (ticks the HUD, no banner). EEC=1 -> ANNOUNCE-ONLY (prints the
      kill banner via string 0x83, asserts MEC in {2,3}, then JUMPS PAST the scoring code).
      That is why we cannot just re-enable SEND_SCORE_EVENT_33 (EEC=3): it was turned OFF in
      v242 precisely because a second EEC=3 event double-scored (tracked as an assist -
      'Fighters Assists' mirrored 'Fighters Destroyed'). The banner lives on the OTHER branch.

      FIX (ANNOUNCE_BAIL_KILL=True, single-flag revert): on the bail path only, after the
      exit-tail delete has already scored the kill, send the shooter ONE announce-only msg-33
      with EEC=1, MEC=2 (ANNOUNCE_BAIL_MEC). It prints the banner and jumps past scoring, so
      it cannot double-count. score_on_death now returns (killer, bailed) so the caller knows
      to fire it; a normal kill (bailed=False) still self-announces and does NOT get this.
      Verified: announce fires ONLY on the bail kill (not on normal kills, not on solo
      crashes); type bytes are 0x13 (score) vs 0x21 (announce) - distinct branches.

      WATCH (cosmetic, tunable): the announce branch asserts MEC in {2,3}; MEC=2 is the
      'collision' code, so the banner MIGHT read as a collision/ram kill rather than a clean
      shoot-down, or word it differently than a normal kill. The kill COUNTS correctly either
      way (already scored). If the wording is wrong, try ANNOUNCE_BAIL_MEC=3, and if the
      client refuses both, the banner simply won't show and we revert with ANNOUNCE_BAIL_KILL
      =False - no scoring impact. FA.exe was not loaded in Ghidra this pass (vcncnet.dll still
      active) so the exact string-0x83 template wasn't re-read; confirm from the field log's
      client-side 'ScoreEvent. Number=.. MEC=.. EEC=..' line and what banner text appears.

      RE-CONFIRMED (v368f5, FA.exe FUN_004f9b0f machine code - done BEFORE the field test):
      Read the handler instruction-by-instruction; the fix is CORRECT and double-count is
      impossible:
        * 004f9b51 MOV AL,[EDI+2] loads Type; 004f9b56 AND CL,0xf / CMP CL,1 branches on the
          LOW nibble. Our announce Type=0x21 -> low nibble 1 -> ANNOUNCE branch. CONFIRMED.
        * 004f9b65 SHR AL,4 / CMP 2 / CMP 3 asserts the HIGH nibble in {2,3}. Ours is 2 ->
          assertion PASSES, no CTD. CONFIRMED.
        * Announce branch (004f9bce+) loads string 0x83, displays via FUN_0044e550 ->
          FUN_00469cf0, then JMP 004f9d33 - PAST all scoring. No double-count possible.
        * Offset proof: our MEC=1/EEC=3 SCORING packets (Type=0x13) already credit kills in
          the field, which only works if [EDI+2]==our wire[4] - so the announce Type offset
          is right too.
      NIBBLE ORDER CORRECTED: one stale source comment had msg-33's Type nibbles backwards
      (MEC=low/EEC=high). Machine code proves HIGH=MEC, LOW=EEC; the builder was always
      correct, only that comment was wrong - now fixed and annotated in-place.
      REVISED WATCH (the MEC=2 'collision' worry above was UNFOUNDED): the high nibble 2 vs 3
      only picks between two string-0x83 FORMAT variants (==3 pushes two extra args at
      004f9c2e/004f9c35); BOTH announce a kill through the same display path, so MEC=2 does
      NOT render as a collision - that concern came from the SCORING branch's MEC census.
      The only thing not knowable statically is the exact localized banner wording
      (FUN_0040a1b0(0x83) is a runtime string-table index): confirm phrasing in the field,
      and if a different variant is wanted, ANNOUNCE_BAIL_MEC=3 selects the alternate format.

      FALSIFICATION: shoot a pilot who then bails; when the empty plane comes down the shooter
      must see a cyan kill banner AND the server must log 'BAILKILL ... announce-only'. The
      kill count must increment EXACTLY ONCE (no assist inflation) - check the shooter's
      Fighters Destroyed vs Fighters Assists stay independent. A normal (non-bail) kill must
      be UNCHANGED: one banner, one credit, no BAILKILL line.
      STILL OPEN: the v362 harvest-freshness root (bail conductor still goes stale); cs9 wrap;
      object-id plan B.

==============================================================================

v367f5: [PEER-VIS] BAIL-RESPAWN LEAVES THE BAILER BLIND - re-advertise peers on respawn.
      v366f5 fixed the death->HQ->change-plane->refly invisibility (observer's HQ teardown).
      This is the INVERSE: after a BAIL, the RETURNING BAILER cannot see anyone, and his
      hits do not register - because his own client garbage-collected every peer during the
      long parachute descent.

      MECHANISM (run_20260729_165911 + messages69_2, Gary bails 17:05:31, respawns 17:06:21):
        * Under canopy Gary's conductor goes quiet; the server sees his tick as 42.7s stale
          (STALE-TICK 17:06:21.530) and, per the v234 rule, STOPS re-stamping peer telemetry
          TOWARD Gary ('not re-stamping. peers will lose sight of objects').
        * Gary's client, receiving no telemetry for Bigalon(258)/Taurus(259) for ~29s, hits
          its stale-object timeout and DELETES them itself:
            17:06:07.010 'Check discon. and del 258 (AC2E_Bigalon), (dif=29320)' -> DelObject
            17:06:07.010 'Check discon. and del 259 (Taurus@FA), (dif=29180)'   -> DelObject
        * Those peers never died, so nothing re-creates them on Gary. After respawn Gary's
          world has no Bigalon/Taurus object: he is BLIND, and inbound hits reference objects
          that are gone -> 'Get coord for missing object 258/259' flood, hits ignored.
        * Server-side proof of the gap: after Gary's 17:06:21 respawn, ZERO CREATE2 fired
          TOWARD Gary (contrast the working 17:02 entry, which created both peers onto him).
      v366 does not cover this: a bail->chute->refly never opens the HQ catalog
      (_hq_reentry_pending unset) and never changes airfield (af_changed false), so neither
      re-advertise trigger ran. The bail-respawn was simply never wired to peer re-advertise.

      FIX: at the bail-respawn detection in _fire_server_confirm (where bailed_plane_obj is
      consumed), drop our addr from every peer's _created_peers so the relay re-creates their
      object on us OBJECT-ONLY (NET::CLIENT station persists - no duplicate-station CTD). Same
      proven recovery as v366/af_changed, hooked to the bail signal. Applied INLINE rather
      than via _hq_reentry_pending because on a bail-respawn the FLY23 grant PRECEDES this
      ServerConfirm (17:06:21.073 grant vs .336 confirm), so the FLY23 consumer already ran.
      Runs for every bail-respawn (inside `if _bp is not None`, outside the `!= number`
      despawn guard). Verified against the real sequence: both peers re-create onto Gary.

      NOTE - deeper root also identified, deliberately NOT fixed here (one change per version):
      the v362f5 tick-harvest fires ONCE per session on the canopy form (logged-once), and the
      tick still went 42.7s stale during this descent - so the v234 telemetry-suspension still
      kicks in and is the first domino. A future version should keep the bailer's conductor
      considered-fresh for the whole descent (harvest the canopy tick every frame, or exempt a
      known-parachuting session from the re-stamp suspension) so peers are never GC'd in the
      first place. v367f5 is the robust backstop regardless: even if the client drops peers,
      the respawn restores them.

      FALSIFICATION: a bail with 2+ players, bailer waits out the full chute, then respawns ->
      server must log 'respawned from bail -> re-advertising N peer(s)', the bailer must SEE
      all peers immediately on respawn, and his hits must register. If the bailer is still
      blind, check whether the peers were 'flying' at respawn (the relay create-gate requires
      it) - if a peer was itself mid-respawn, its create may lag until it is airborne.
      STILL OPEN: bail kill attribution (Gary's cyan kill message still not shown to shooter);
      the v362 harvest-freshness root above; cs9 wrap; object-id plan B.

==============================================================================

v365f5: [OBJ-ID] RECYCLE_OBJ_NUMBERS = False - retire Number recycling (object-id plan, A).
      Zero-risk single-flag change. Object Numbers are now strictly monotonic within a
      session; a freed Number is NEVER re-issued (the pool/quarantine code stays in place
      but dormant, so revert is one flag).
      WHY: recycling began as a v-line EXPERIMENT to hunt the mid-flight spawn freeze by
      shrinking the live Number set. That freeze is now fixed at its true root (the missing
      parachuter ServerConfirm, v361f5), so the premise is gone and only the downside
      remained. Recycling is the SUPPLY side of the object-overwrite / ghosting class: even
      with v324's FIFO+quarantine, an internet peer that missed a delete (e.g. a wrapped
      DELETE swallowed before v364f5) can still hold an old Number when the 300s quarantine
      lapses and it is handed to a different plane on a different station -> two aircraft
      share one Number -> wrong-plane / no-damage / ghost sightings, and the St-orphan
      NET::OBJECT[garbage] CTD. The v324 comment already did the math that makes recycling
      unnecessary: 0x0100..0xFFFF = 65,279 ids, ~120 spawns/session => hundreds of sessions
      before wrap. Not reusing within a session therefore costs nothing.
      RE CONTEXT: the server is ALREADY authoritative over Number - the client proposes only
      a local `ident` (per-client counter) in its out-4 and BLOCKS on the msg-5 ServerConfirm
      (FUN_007e5030 asserts NumberVar==-1 then writes the server's Number) before its sim
      loop starts. So the overwrite bug was never clients choosing ids; it was id LIFECYCLE.
      A (this change) removes reuse-collision. B (next) makes St / client_number
      server-authoritative and reservation-based to close the two-objects-on-one-station
      window that remains when a bail keeps a station while a new plane takes it.
      FALSIFICATION: with recycling off, a full field session must show object Numbers only
      ever INCREASING (watch CREATE2/CONFIRM5 lines - no Number should appear twice), and
      the wrong-plane / no-damage / ghosting reports tied to Number reuse should not recur.
      If ghosting persists with strictly-increasing Numbers, the remaining cause is St reuse
      (mechanism 1), which is exactly what B targets - a clean separation of the two.
      DEPLOY: stacks on v364f5; still the candidate line, v362f5-stable remains rollback.
      STILL OPEN: object-id plan B (St authority); bail kill attribution; cs9 wrap; msg-67.

==============================================================================

RE-VERIFICATION (vcncnet.dll, Ghidra) - v364f5 UNWRAP CONFIRMED AGAINST THE ENCODER.
      No code change. Loaded vcncnet.dll (the module that actually builds the wrapper -
      it is a separate binary from FA.exe, which only holds import thunks) and read the
      encoder directly. Findings:
      * vcncSendMessage @0x1000baf5 and vcncAddMessageToList @0x1000be4c are the send
        path. Each sub-message is emitted as [uCmd:2 BE][innerlen:2 BE][body], and the
        whole sub-message is padded UP to a 4-byte multiple (uVar6=(len+3)&~3).
      * The wrapper we strip is the outer sub-message header; uCmd's low byte is the
        FA message Type T, whose HIGH NIBBLE is the size (Size=T>>4) - the same
        bc*16+Size relation in the baseline notes, confirmed from the binary.
      * THIS IS WHY v364f5's predicate is correct, not lucky: 8+pl[4]*16+(pl[5]>>4)==len
        reduces, for a wrapped inner with bc=0, to 8+(T>>4)==len = [4B outer hdr]+
        [4B inner hdr]+[T>>4 body]. That is the client's genuine framing invariant,
        not a fitted heuristic. Re-checked: matches 25/25 distinct field samples.
      * FA.exe dispatcher @0x004f18a0 confirmed: indexes (&DAT_00c81ed8)[msg[0]] and
        calls handler(msg,len); unknown types are logged, not fatal. Validates the
        dispatch-table formula and the type-byte model the whole server relies on.

      TWO THEORETICAL EDGES the encoder revealed (NOT fixed - no observed frame hits
      them, and a speculative pad-aware rewrite REGRESSED 13/25 real samples in test,
      so the exact-equality predicate stays):
        (a) 4-byte PADDING: a sub-message whose body is not already 4-aligned would
            arrive with 1-3 pad bytes, and the exact-length check would REJECT it
            (false negative -> that message swallowed, as pre-v364). Every field
            sample was already aligned, so this is unobserved.
        (b) MULTI-SUB-MESSAGE LISTS: vcncAddMessageToList concatenates several subs
            under one send; the unwrap strips only the first 4B layer. A true 2-message
            list would fail the equality and fall through un-stripped.
      FALSIFICATION / when to revisit: if the field logs ever show a 'counter-wrap'
      REFRAME MISS on a frame whose (len-8) is not a multiple of 4, edge (a) is real -
      switch the check to `padded == len` AND simultaneously handle the direct-frame
      collision that broke the naive attempt (the regression came from dropping the
      exact-equality direct guard). If a swallowed message's payload decodes as two
      stacked [00 T 00 00] headers, edge (b) is real - loop the strip. Until a real
      frame exhibits either, leave v364f5 untouched.

==============================================================================

v364f5: [WIRE/FIELD] *** UNIVERSAL COUNTER-UNWRAP + TELEMETRY ANTI-SHADOW. ***
      First INTERNET field deployment (v362f5, 6 players) turned the counter/TIME-attach
      wrapper from an occasional LAN quirk into a constant: internet jitter makes clients
      resync time continuously, so a large fraction of ALL datagrams arrive wrapped
      ([00][ctr][00][00] | inner). Every field report maps to a swallowed wrap:
        * GHOSTS (Gary, Warrior): 14 wrapped DELETE 0x03 hit the capture catch-all -
          one single swallowed message carried FOUR object deletes (0x0109/0x0119/
          0x011d/0x0117). Dead planes never removed from peers.
        * HITS NOT REGISTERING (Warrior, Moira, Taurus 4-hits-counted-as-1): 16
          wrapped DAMAGE28 0x1c never reached the damage relay.
        * NO PLANES / NO ARENAS (Moira, Taurus x2, Gary, MAD): wrapped catalog/list
          requests swallowed; plus wrapped room-polls 0x43 (14x), team-selects 0x44
          (36x), ExitEvents 0x21, reassigns 0x0e, map/supply 0x40/0x53/0x54.
        * DISPATCH TRACEBACK 23:28:15.713 (struct.error, buffer size 5): wrapped
          CANOPY telemetry false-matched relay_telemetry's offset-0 scan (ctr low
          nibble 0x2 + inner bc 0x07 = a TELEM_OPCODE), shadowing the correct
          offset-4 match; v341 truncated 126B to a 5B stub off the wrapper's fake
          declaration and the re-stamp crashed on it. For other counters the stub
          is >=7B: garbage got tick-stamped and RELAYED while the real frame died.
      The per-message scan handlers accumulated since v327 (chat), v352 (damage
      prefix), v358 (0xd2), v363 (para out-4) were whack-a-mole against a universal
      phenomenon. THREE EDITS:
      (1) handle_post_auth: GENERIC unwrap beside the _pfx reframe - cmd==0,
          pl[0]==0, inner header well-formed (pl[6:8]==0000), EXACT arithmetic
          8+pl[4]*16+(pl[5]>>4)==len(pl), and direct interpretation WINS ties (a
          real 19B para out-4 is never mistaken for a wrap). REPLACES/SUBSUMES the
          v363f5 parachute-only block. Validated against all 25 distinct wrapped
          payload shapes in the field log: 25/25 unwrap; every known direct form
          untouched. Logs 'REFRAME ... counter-wrap ctr=... -> stripped' per unwrap
          (deliberately chatty for the first field runs; demote later if noisy).
      (2) relay_telemetry offset-0 ANTI-SHADOW: the offset-0 candidate must DECLARE
          >=24B (real telemetry declares 84+, the wrapper <=19); offset 4 exempt.
          Wrapped canopy/8-block frames now match correctly at offset 4; the
          appended-4B-trailer forms that v341's truncation serves still match at 0.
      (3) Re-stamp structural guard: pack_into only when len(relayed) >= 9 - the
          struct.error class is impossible regardless of future wrapper forms.
      NOTE: wrapped DAMAGE28 unwraps to the direct frame, so the v352 in-branch
      prefix-strip does not double-fire (_dmg_ok passes on the unwrapped form).

      FALSIFICATION for the next field session:
        * REFRAME 'counter-wrap ... stripped' lines should be FREQUENT (that is the
          measure of how much was being lost). Every stripped id must land in a
          mature handler - watch for any 'stripped' immediately followed by a
          SUPPLY-CAP of the same inner id (would mean the direct handler ALSO
          missed it - a new gap, report it).
        * Ghosting reports should drop to zero alongside DEATH/DELETE3 lines
          appearing for previously-swallowed deletes; hit registration should match
          shooters' client counts; 'no planes'/'no arenas' should not recur.
        * ZERO DISPATCH tracebacks. TELEM-GUARD stub relays gone.
        * WATCH: previously-swallowed messages are now PROCESSED for the first time
          (36 team-selects!). If unexpected team switches or spurious deletes
          appear, a formerly-dead message class is misbehaving in a live handler -
          capture the REFRAME line + following handler lines.
      DEPLOYMENT: v364f5 is the recommended deploy candidate (supersedes v362f5-
      stable, whose gaps the field just demonstrated; v362f5-stable remains the
      rollback point). STILL OPEN: bail kill attribution; cs9 wrap; msg-67 lobby
      polls; the v363 para reframe was never individually field-tested (now
      subsumed - the next wrapped bail exercises it via the generic path).

==============================================================================

v363f5: [PARA/WIRE] COUNTER-WRAPPED PARACHUTER OUT-4 - the bail chain now fires for
      BOTH wire forms. Closes the hole the 22:21 session exposed.

      WHAT THE SESSION SHOWED (server.log 22:24-22:28): a healthy v362f5 run -
      repeated spawn/death/respawn cycles, creates relayed both ways, every HQ
      visit populated, zero hangs on confirmed spawns... and then the ONE bail of
      the session (22:25:56) produced NO PARA line at all. The wire explains it:
        22:25:57.902  SUPPLY-CAP type=0x02 sub=0x00 pl=00020000|00f20000040100...
      The parachute's out-4 arrived in the COUNTER-IN-TYPE wrap (cmd stays 0,
      per-session counter in the type slot). The _pfx reframe only handles cmd!=0,
      and the wrapped-out-4 type-scan requires pl[5]==0x12 (the PLANE form) - the
      0xf2 parachute form matched nothing and fell into the capture catch-all.
      No Number lock-step, no ServerConfirm, no peer create, no landing delete -
      and the conductor froze RIGHT ON THE SIGNATURE (22:26:00.823 STALE-TICK,
      +3.2s). Strongest possible validation of the v361f5 theory, from its own
      failure mode: the freeze appears exactly and only when the confirm is
      missed. Same wrapper-blindness class as v358f5 (0xd2 scan) and v360f5
      (compound 0x21) - a handler correct for one wire form, blind to its twin.

      FIX: a reframe case at the top of handle_post_auth, beside the _pfx block:
      when cmd==0, entered_game, len(pl)==23 and pl[4:9] == 00 f2 00 00 04, strip
      the 4-byte wrapper and fall through - the direct-path PARA branch (validated
      twice in run_212105) does everything else untouched. The signature cannot
      false-positive: the direct parachute out-4 is invariably 19B (bc=0, T=0xf2,
      Size=15), so its wrapped form is invariably exactly 23B. Verified against
      the live packets: today's wrapped form matches; the 19B direct form, the
      wrapped PLANE out-4 (pl[5]=0x12) and the bail-intent 0x21 all skip.

      FALSIFICATION: on the next bails (do SEVERAL - the wrap choice is client
      state we do not control, both forms must be seen over time), every bail must
      produce a PARA 'BAILED OUT' line - via 'REFRAME counter-wrapped PARACHUTE
      out-4' when wrapped - and ZERO STALE-TICK in the +3-4s window. If a bail
      ever again shows neither PARA nor REFRAME, dump the SUPPLY-CAP payload:
      there is a third wrapper form we have not met.

      SESSION OBSERVATION (recorded, not chased): the missed-bail state also made
      the bailed plane's prefixed delete (22:26:27, reframed OK) process without
      DEATH accounting - unlike the direct-delete case at 19:42:56 which scored a
      death. Tied to the inconsistent session state after the missed bail; with
      detection fixed the flow reverts to the tested path. Revisit only if a
      properly-detected bail still shows the asymmetry.
      STILL OPEN: bail kill attribution; cs9 wrap; msg-67 lobby polls unanswered.

==============================================================================

v362f5: [TELEM] TICK HARVEST FROM GUARD-REJECTED FRAMES - kills the false STALE-TICK
      during parachute descent and un-suspends re-stamping toward the bailer.

      VALIDATION of v361f5 first (run_20260728_212105, TWO bails, one with a peer):
        * bail #1 21:22:24: confirm=True, NO stale-tick after the bail, canopy form
          (122B bc=7) hit the v351 guard exactly as predicted and was NOT relayed,
          chute landed +20s, StartPlace -> CONFIRM5 258 -> clean respawn in ~60s.
        * bail #2 21:25:06 with Test2 present: parachuter created on the peer,
          landing delete, respawn as 0x0106, create relayed, telemetry resumed.
        The post-bail conductor freeze is FIXED. v253's ARR[20983] did not recur.

      REMAINING ARTIFACT this version removes: during bail #2's descent, three
      STALE-TICK warns fired (21:25:13/17/22) - but the logged tick VALUES were
      advancing 24107 -> 24319 -> 24580 (~52/s = a healthy conductor). The client
      transmits ONLY the 122B canopy form during the descent; the v351 guard
      rejected it BEFORE the tick harvest, so last_telem_tick starved and the
      server mistook a healthy client for a frozen one - and, per the v234 rule,
      suspended re-stamping of peer telemetry TOWARD the bailer for the whole
      descent (mild degradation, sender-tick passthrough).

      FIX: in the TELEM_MAX_BC rejection branch, harvest last_telem_tick/-time
      from the frame HEADER before returning. Safe because the multi-record form
      shares the standard header layout (tick@[5:7], ONumber@[7:9]) - proven by
      the v350 TELEM-SIZE line itself, which parsed tick=15853 obj=0x0101 out of
      the live canopy frame. The BODY remains unparsed and unrelayed - relay
      policy is UNCHANGED; this touches nothing on the wire.

      FALSIFICATION: a bail with a peer present must now show ZERO STALE-TICK
      warns during the descent, and the peer's view of the bailer's world (and
      vice versa) must stay smooth. If a STALE-TICK still fires mid-descent, the
      canopy frame's header offsets are not what the v350 line suggested - revert
      the harvest and dump the frame head.

      SESSION OBSERVATIONS (benign, guards held, logged for the record):
        * 21:25:32 counter-wrapped delete (pl=00260000|0042...) mis-read as
          ONumber 0x0042 -> PEERDEL swallow; the real despawn happened correctly
          at respawn. Pre-existing wrapped-delete parse gap, no harm - candidate
          for a REFRAME extension later.
        * 21:25:52 the client's delete for its own landed parachuter (0x0105) is
          swallowed ('neither its own nor any peer's') - correct outcome, the
          para lifecycle is server-terminated.
      STILL OPEN: bail kill attribution; cs9 wrap; msg-67 lobby polls unanswered.

==============================================================================

v361f5: [PARA/CONDUCTOR] *** POST-BAIL CONDUCTOR FREEZE - PARA_SEND_CONFIRM back ON. ***
      The missing msg-5 ServerConfirm for the parachuter's out-4 froze the bailing
      client's ENTIRE conductor ~3s after every bail. One switch, four symptoms:
      slow-motion parachute descent, 'waiting for start position' timeout, EMPTY HQ
      plane menu (again - different cause than v359f5!), and conductor -102 errors
      at exit. v360f5's CTD fix held (no crash this session); this was the layer under it.

      EVIDENCE (run_20260728_193858 + messages64 + vcncnet...163920158 tail):
        19:42:28  bail -> PARA line shows confirm=False (v253 bisection leftover)
        19:42:31  STALE-TICK: Bigalon conductor FROZEN (3.2s old). The delay is
                  +3.0-3.2s after bail in ALL THREE sessions today - the constant
                  signature of the unconfirmed-own-object grace expiring, not noise.
        16:42:28->16:45:34 (client clock) the parachute takes 186s to reach ground
                  vs 35s in run 120928 - the sim loop is barely advancing.
        16:44:09  the client's reliable TX wedges: vcnc tail shows QSnd stuck at
                  seq 54 with timeSinceLastSent=137888ms against ResendTime=5000 -
                  the resend timer, queue drain and inbound dispatch all run on the
                  conductor, and the conductor is down. Q size grows 26->48 with
                  the StartPlace request, the msg-58 catalog request and 22 msg-67
                  polls that NEVER LEFT THE MACHINE (server log confirms: none of
                  the 67s were ever received). Finally 'LOST CONECTION!! Resend
                  time out' fires at quit, 137s late.
        19:45:34  the ONE StartPlace that escaped via the counter-wrapped side path
                  was received and GRANTED (N=0) - but the grant reply landed in a
                  client that no longer dispatches inbound. Client: 'Time for
                  waiting start place has been expired'.
      NOT a wire bug: Bigalon<->server is LOOPBACK this session, and v359f5's
      retransmission was never the problem - the client itself stopped sending,
      resending and reading.

      FIX: PARA_SEND_CONFIRM = True - the exact single-variable experiment v253's
      own comment prescribed ('Turn this on ONLY after a clean run...'), seven
      versions late. The v253 CTD (ARR[20983]) CANNOT recur: it was our re-stamp of
      byte 5 of the 118B canopy telemetry form, and that frame is now dropped whole
      by the v351 multi-record guard (TELEM_MAX_BC=5 caps relayed frames at 99B)
      BEFORE both the re-stamp and the tick harvest. NOTE for future maintenance:
      TELEM_RESTAMP_MAX_LEN=100 is defined but UNENFORCED - it is shadowed by the
      bc cap; preserve the invariant 4+16*TELEM_MAX_BC+15 <= 100 if TELEM_MAX_BC
      ever changes.

      FALSIFICATION / what the next bail test must show:
        * NO STALE-TICK for the bailer in the +3-4s window after the bail line
        * descent lands in the normal 20-40s band; PARA landed-delete at +20s
        * TELEM-GUARD 'MULTI-RECORD ... NOT relayed' MAY appear once for the bailer
          (the canopy form hitting the v351 guard) - that is EXPECTED and benign
        * StartPlace after landing: request received DIRECT (not just the wrapped
          side path), grant processed, respawn completes; HQ list populates
        * if ANY client CTDs on a bail: flip PARA_SEND_CONFIRM False (revert path)
          and capture the vcnc + messages logs - the canopy form has changed shape.

      STILL OPEN: bail kill attribution (unchanged); cs9 wrap; the msg-67 lobby
      polls have no handler when a client re-enters the lobby mid-session (the 22
      unanswered 67s here never reached us, but if a healthy client polls 67 in
      the lobby we do not answer - low priority, verify after this fix).

==============================================================================

v360f5: [WIRE/CTD] *** PARACHUTE CTD - the compound echo path leaked ExitEvent(-1). ***
      Bailing out could crash the BAILER's client ~35s later, at the moment the
      parachuter touched the ground. Roulette odds: only when the client happened to
      wrap that one report in the 0x0542 prefix. Latent in v356 and every build since
      the prefixed/compound path existed; NOT an f5 regression.

      THE CRASH (messages63.log, session run_20260728_120928):
        09:15:33  out 33'15 ExitEvent(256) ScoreEvent=3        <- bail intent, valid Number
        09:15:34  out 4'15                                     <- parachuter create
        09:16:09.650  'Player crashed into ground' -> out 33'8 ExitEvent(-1):
                      the parachuter object is already deleted, so the report
                      carries Number = 0xFFFF
        09:16:09.671  in 33'8   <- the server ECHOED it back, 21ms round trip
        CTD: 'bounds error class ARR<class NET::OBJECT *,2048>[65535] 0..2047,
              ring.hpp line 27' - the inbound msg-33 handler (0x004f9ae0) indexes
              the NET::OBJECT ring by Number, and 65535 is out of bounds.

      WHY THE EXISTING GUARDS DIDN'T FIRE (server side, 12:16:09.651):
        The report arrived PREFIXED: REFRAME cmd=0x0542, pl=00040542|00820000|21 01ffff...
        All three defences for msg 33 - NO_ECHO_SUBS (v218), NO_ECHO_TYPES (v222) and
        the EXIT33 relay's 'never echo back to the sender' - live inside the cmd==0
        branch of handle_post_auth. cmd=0x0542 skips that branch entirely and falls
        through to handle_compound, whose OWN no-echo tuple was a stale pre-v222 copy:
        (0x20,0x03,0x45,0x18,0x53,0x54,0x4d,0x19) - no 0x21, no 0x0e. inner_sub=0x21
        fell to 'unknown inner -> echo inner' and the poison went straight back.
        Same guard-copy-divergence class as v342 (a fix applied to one wrapper path
        but not its twin).

      FIX (two edits, one vector - Number=0xFFFF must never reach ANY client):
      (1) handle_compound's no-echo tuple synced with the direct NO_ECHO_SUBS:
          0x21 (msg 33, this CTD) and 0x0e (msg 14 reassign, v204 rationale) added.
      (2) The direct-path EXIT33 peer relay now drops any ExitEvent whose
          id/AddData/Number region (stored[4:9]) contains adjacent ff ff - the -1
          form would otherwise be relayed VERBATIM to the peers and crash THEM
          (same handler, same ring index). Window deliberately stops at index 8:
          the real valid bail sample (12:15:33, Number=0x0100) carries ff ff ff ff
          from byte 9 on.
      Verified against real wire bytes: the fatal prefixed frame routes to swallow;
      the valid direct bail is NOT blocked by the relay filter; synthetic -1 forms
      with Number at 5:7 and 6:8 are both blocked. Compile-checked.

      FALSIFICATION: bail-outs (both sides watching) must land the parachuter with
      NO in 33 echo on the bailer and NO CTD; server log must show
      'inner sub=0x21 (notify, must not echo) - swallow' at the ground-crash moment.
      If a legitimate kill-credit event ever stops printing on peers after this
      version, check the EXIT33 'poison' log line first - a false positive there
      means a valid record carried ff ff inside bytes 4:9, and the filter needs a
      proper per-form Number decode instead of the pattern check.

      NOTE the same forensics exposed for the open bail-attribution issue (a): the
      DIRECT sub=0x21 form (e.g. the 12:15:33 bail intent, type=0xf2 sub=0x21) is
      swallowed by NO_ECHO_SUBS *before* the EXIT33 relay ever sees it - the relay
      only fires on the type-byte shape (tb==0x21, sub==0x00). So bail reports that
      arrive sub-form are never relayed and their hit records (the game's own
      kill-attribution payload) are discarded. That is likely a big piece of why
      bail kills score as 'solo crash'. Queued, not touched in this version.

==============================================================================

v359f5: [WIRE/CRITICAL] *** SERVER->CLIENT RELIABLE RETRANSMISSION - the 1.5-week bug. ***
      One lost downlink reliable datagram wedged the client's ENTIRE reliable RX channel
      permanently. Every symptom hunted since ~mid-July is this one mechanism:
      one-way invisibility, dead score panels, and the EMPTY HQ PLANE MENU.

      MECHANISM, from both ends:
        * The client's reliable RX is STRICTLY IN-ORDER (vcnc: 'QRcv :: Received
          expected packet N -> Now expecting packet N+1'; out-of-order arrivals are
          queued in nQSize, delivered only once the gap fills).
        * send_rel transmitted each seq EXACTLY ONCE and waited `to` for the ACK -
          no retransmission, ever. A dropped datagram left a PERMANENT hole at seq N.
        * The client then discarded/queued every later seq forever, while its own
          TX direction kept working - producing the signature ASYMMETRY.

      EVIDENCE (run_20260728_113009 + messages84 + messages62/vcnc on the Bigalon box):
        11:52:13/17/53  create Test2 0x0107 -> Bigalon sent THREE times (the relay's
                        re-create guard refiring) - never took: Bigalon flew blind to
                        Test2 from here on ('Test2 could see me, not the other way').
        11:53:09.452    STALL-WATCH: Bigalon reliable RX idle 21.8s, unreliable active,
                        pending_tx=1 - the downlink hole, seen from the server side.
        11:53:10.698    respawn create 0x0100 -> Bigalon: sent once into the wedged
                        channel, discarded like everything else.
        11:55:08        Bigalon exits to HQ -> client requests the msg-58 plane catalog
                        -> response discarded -> EMPTY PLANE SELECTION MENU. Test2 did
                        the identical HQ flow at 11:54:44 on a healthy channel and got
                        out 58'120 -> in 58'76 normally - msg 58 IS the hangar menu.
        11:55:44-11:57+ the client re-requests the ArenaList EVERY SECOND; the server
                        serves 208 responses; the client discards all of them. The
                        clearest possible picture of 'uplink alive, downlink wedged'.
      PREDATES the f5 line entirely - v356 and every build before it had the same
      single-shot send_rel; any session that lost one downlink datagram degraded this
      way. Two machines on a real network made the loss likely enough to see daily.

      FIX, two coupled changes (they MUST ship together):
      (1) send_rel now RETRANSMITS the SAME seq every REL_RETX_INTERVAL_S (0.75s)
          until ACKed or `to` expires. A late copy fills the client's QRcv hole and
          the queued backlog drains - full recovery instead of a permanent wedge.
          Healthy-path cost is ZERO: LAN ACKs arrive in ~10-15ms, far inside the
          first retransmit interval. Logged as 'RETX#n' + 'ACKed OK after n retx'.
      (2) LATE/DUP-ACK GUARD: rme() now records completed seqs in a 64-entry ring;
          an 8-byte pt=0 packet whose seq is in the ring is a benign duplicate or
          late ACK (counted in _late_ack_count), NOT a disconnect. Without this,
          retransmission would be DANGEROUS: a client that ACKs every received copy
          would have its second ACK land after rme() and be classified as a client
          disconnect -> broadcast leave + session pop on a live player. Also fixes
          the pre-existing late-ACK false-disconnect (an ACK arriving just after the
          send_rel timeout killed the session the same way).
      Verified in isolation: lost-first-copy recovers on RETX#1; completed seq
      correctly classifies as benign; total loss times out after ~5 retx cleanly.

      FALSIFICATION: healthy sessions must show zero or near-zero RETX lines and
      unchanged TX/RELIABLE 'ACKed OK' latency. If RETX lines are FREQUENT on a calm
      LAN, the ACKs themselves are being lost or misrouted - investigate before
      trusting anything else. If a session ever tears down right after a burst of
      RETX lines, the ring guard is not catching a dup-ACK shape - dump _late_ack_count
      and the RELRX ring first.

      STILL OPEN, deliberately untouched this pass: (a) bail-out kill attribution -
      11:53:00 Test2's death after bailing scored 'solo crash/crashland', no hunter
      credit (user-confirmed: the kill was earned); (b) cs9 wrap robustness - the
      stall-watch fired at cs=241 with the 255->0 wrap approaching; the wrap toggle's
      out-of-order mis-latch window is unfixed; (c) STALE-TICK 11:53:04 froze Test2's
      conductor tick for 3.8s during respawn - the v277 guard did its job but the
      root freeze is uncharacterised. One fix per version.

==============================================================================

v358f5: [UI] EMPTY ARENAS PAGE - the 0xd2 ArenaList request that arrives with a TIME-sync
      attach was answered with a 1-byte echo instead of the list. LATENT since the scan
      fallbacks were added; NOT introduced by v357f5 - surfaced today by timing luck.

      EVIDENCE (messages61.log + vcncnet20260728081719584.log + run_20260728_111650.log):
        08.17.45.001  client: 'Resync time!' (periodic ~30s NET-time resync; fired again
                      at 08.18.15.058)
        08.17.45.114  client sends out 210'1 with 'Attach TIME Sync request' -> 17B on
                      the wire instead of 13B; the attach shifts the wrapper into the
                      [00 12 ...] APPSPACE-scan shape (sub=0x00, pl[5]=0x12, pl[8]=0xd2)
        08.17.45.115  server's 0xd2 scan branch answers build_appspace_pkt([0xd2]) ->
                      client logs in 210'1 (healthy runs show in 210'1110, v164) ->
                      client renders ZERO arenas.
      COUNTER-PROOF the perf changes are innocent: the SECOND time-attach of the session
      (08.17.55.943) landed on the chat send - and chat worked, because chat's wrapped
      form has a complete handler (v327 family). The 0xd2 scan branch was the one
      fallback still answering with a placeholder echo. ACKs were healthy throughout:
      client-measured RTT 11-17ms (the preserved 10ms pacing + loopback), Resend Time
      5000 never hit, zero retransmits in 15k vcnc lines.
      WHY IT LOOKED NEW: whether the arena page populated depended on whether the Arenas
      tab was opened inside the window where the resync attach claimed the 210. v356
      sessions won that race; this one lost it.

      FIX: the scan-shaped 0xd2 now routes to send_arenalist_with_gamedefs exactly like
      the direct sub==0xd2 branch (212 GAME_DEFs first, then the list, per v164). Applied
      to server-fable5.py only; server.py (v356) still carries the latent bug and should
      pick this up whenever the f5 line is merged back. NOTE: make_fable5.py rebuilds
      produce v357f5 (pre-fix) - do not --force-rebuild over this file without re-applying.

==============================================================================

v357f5: [PERF] PERFORMANCE-ONLY BUILD, shipped as server-fable5.py (server.py stays v356).
      Built by make_fable5.py: 28 exact-text edits, each required to match exactly once in
      the v356 source, py_compile-verified before write. `python make_fable5.py --show`
      prints every edit. NO logic-bug fixes in this pass - those come after this build is
      proven not-broken in a live session. Three changes, all with revert flags:

      (1) RELIABLE-ACK 10ms DELAY MOVED OFF THE RX THREAD (_ack_sender_loop, ACK_ASYNC).
      The RX path did `time.sleep(0.01)` inline before every reliable ACK - the ONE thread
      that also serves telemetry relay, time pings and inbound ACK matching slept 10ms per
      reliable message from ANY client. DAMAGE28 rides the reliable channel, so the cost
      peaked exactly mid-combat, and a burst from one client delayed every player's relay.
      The 10ms pacing itself is PRESERVED per-packet (suspected client-side race: on LAN a
      sub-ms ACK can arrive before the client's send path finishes registering the packet
      in its reliable queue -> ACK lookup miss -> permanent retransmit). ACKs are queued to
      a dedicated sender thread; the queue is FIFO with a constant per-entry delay, so ACK
      ORDER is identical to the old code and every packet still gets >=10ms of grace from
      its own arrival. ONE KNOWN DIFFERENCE, stated plainly: a BURST of reliable packets
      now gets its ACKs back-to-back ~10ms after each arrival, where the old inline sleep
      also serialised them 10ms APART. If the client turns out to need the spacing (not
      just the delay), ACK_ASYNC=False restores the v356 inline path verbatim.

      (2) SEND POOL FOR BROADCAST FAN-OUT (_submit_send, SEND_POOL, 32 workers).
      This is the v328 "wants a small worker pool ... left for its own pass" item. The 22
      per-recipient fan-out LOOPS (chat x2, roster 62/63, scene 30/36/42, production
      40/71, DAMAGE28 relay, teardown deletes, ace-88, system msgs, arena counts, room
      echoes, UI add/remove, parachuter deletes, relay create-object) now submit to a
      fixed ThreadPoolExecutor instead of spawning one OS thread per recipient per
      message (v328 measured ~200 threads / ~23ms per chat line at 200 players). Each
      task runs the same send_rel call and blocks on the ACK exactly as before; pool
      execution is FIFO, which is MORE ordered than free thread scheduling was.
      Single-recipient echo sites (one thread per command, not O(N)) are DELIBERATELY
      untouched - identical cost to v356, zero behavioural risk. SEND_POOL=False (or any
      pool failure) falls back to thread-per-message.
      SIZING NOTE: 32 workers each blocking up to 3s on a dead client's ACK timeout means
      a few unreachable clients can briefly serialise a large broadcast; on LAN ACKs
      return in ms so the pool drains instantly. Raise SEND_POOL_WORKERS if arenas grow.

      (3) SQLITE WAL (init_db). journal_mode=WAL is persistent in the DB file, so all
      per-call db_* connections and the web admin inherit it - readers stop blocking
      writers, commit cost drops. Creates fa_server.db-wal/-shm alongside the DB (normal).
      Revert: PRAGMA journal_mode=DELETE.

      FALSIFICATION - CHECK THIS FIRST (v353 discipline): a clean run must show RELRX DUP
      counts comparable to v356, zero STALL-WATCH warnings, and no '[x] has left' lines
      that v356 would not have produced. Any of those -> flip ACK_ASYNC / SEND_POOL to
      False individually and re-test to isolate which change is at fault before touching
      anything else. The two flags are independent by design.

==============================================================================

v356: [WIRE/CRITICAL] the malformed damage frames are PREFIXED frames relayed with the prefix
      still attached. Strip it instead of dropping - this is why hits did not register.

      v355 refused to relay any damage frame failing the 10+count*9 structure test. That stopped
      the CTD but THREW THE DAMAGE AWAY, which is exactly the other half of the reports:
      "I was shooting Moira, no hits reported, no damage to Moira", "I stopped taking damage and
      continued to fly", "he took his wing off and had a collision detected, Warrior did not".

      server_11_ logged 15 MISMATCH frames across 6 pilots (ALL41_MAD, Moira@HQ, Taurus@FA,
      Warrior, DBD_GCEXTREME, Snoman). EVERY ONE is a prefixed frame; the real, perfectly
      well-formed frame starts at offset 4:
          0011 0000 | 00f200001c...  23B = 4 + 19   count 1
          0024 0000 | 018200001c...  32B = 4 + 28   count 2
          000b 0000 | 021200001c...  41B = 4 + 37   count 3
          0013 0000 | 02a200001c...  50B = 4 + 46   count 4
          0003 0000 | 03c200001c...  68B = 4 + 64   count 6   <- the CTD frame, exactly
      All five distinct shapes verified: FAIL as-is, PASS stripped, inner length == 10+count*9.

      MECHANISM: v327 normalises the sub on prefixed messages but deliberately leaves the bytes
      untouched, and this relay forwards `stored` verbatim. Peers therefore received a frame 4
      bytes longer than its own header declares, desynced their record walk, and died on
      `Length=-19` at Engine\Net\Network.cpp:249 - or on a wild pointer at FA30\Main.cpp:2407
      when the garbage was dereferenced before any bounds check caught it.

      FIX: if the frame fails the structure test, retry it at offset 4. If that passes, relay
      the stripped frame (logged once per session). Only if BOTH fail is it dropped.
      This should close the CTD and restore the missing damage in one change.

      STRUCTURE CONFIRMED FROM BOTH ENDS - worth keeping. Client-side `in 28'N` sizes across ten
      player logs are exactly 6 + count*9 (15,24,33,42,60,69,78,87,96), which is our
      10 + count*9 minus the 4-byte [bc][T][00][00] header. A malformed 68B frame would appear
      client-side as `in 28'64`, which is absent from that sequence.

      PROCESS: v352 raised prefix-carryover as an explicit SUSPECT and refused to act on it
      because the observed overrun was 19 rather than 4. That was the right call - the overrun
      is a consequence of the desynced walk, not the size of the prefix - and one more
      instrumented run turned the suspect into a measurement across 15 samples and 6 pilots.

==============================================================================

v355: [WIRE + SESSION] two fixes: malformed DAMAGE28 frames are no longer relayed, and the
      HQ-exit re-join teardown is back with a guard that actually distinguishes a re-join.

  (1) [WIRE/CRITICAL] msg 28 RECORD-STRUCTURE VALIDATION.
      LAYOUT, established from the 9 real frames v352 captured (bc 0..15, 19B..244B) - every
      one fits exactly:
          [bc][T][00][00][1c][..][..][..][..][count]  then count x 9-byte records
          size == 10 + count*9,   count at byte[9]
        19B->1  28B->2  46B->4  64B->6  73B->7  91B->9  109B->11  226B->24  244B->26
      The CTD run (server_9_) relayed 46, 100, 19, 68, 19 bytes. All integral against that
      formula EXCEPT 68: (68-10)/9 = 6.444. That is the malformed frame. Relaying it desyncs
      the recipient's record walk, the remaining-length counter runs negative, and the client
      dies on `Length=-19` at Engine\Net\Network.cpp:249 - or, when the garbage is dereferenced
      before any bounds check catches it, `Access violation at net, v.addr:0xDEB800EB` at
      FA30\Main.cpp:2407. Same root, two exits, which is why the module varied.
      FIX: refuse to relay unless (len-10) %% 9 == 0 and byte[9] == (len-10)//9.

      CORRECTION TO AN EARLIER CALL: this is NOT a bc-ceiling problem like v351, and I said it
      was. bc runs to 15 (244B, 26 records) with no harm - the BIG frames are fine and the
      SMALL ones crashed the arena. Do not port TELEM_MAX_BC's shape to msg 28.
      Note also that v352 reported every frame as header-MATCH: it only checked bc/T against the
      overall length, and the count field was never cross-checked. A frame can be
      header-consistent and still be structurally malformed. Both must agree.

  (2) [SESSION] RE-JOIN TEARDOWN, SECOND ATTEMPT - keyed on _presence_advertised.
      v353 tried `entered_game and current_room is not None` and it fired on FIRST joins,
      because both are already set by the time slot assignment runs (v354 disabled it).
      The correct signal is "peers were actually TOLD about this player and never told to drop
      him". _presence_advertised is set in broadcast_player_join_62 AFTER the msg-62 goes out
      (so it means "told", not "about to tell"), and cleared by teardown_ingame_presence and by
      the msg-64 leave path.
      THE BUG (server_10_, ALL41_MAD): exit to HQ to change aircraft, then re-join. That route
      passes through neither the msg-64 leave (v182) nor the reap (v348), so peers kept his
      REMOTE_PLAYER and his stale objects while he took the SAME slot back. The msg-62 add then
      landed on an occupied index - the client's "Add existing REMOTE_PLAYER" no-op - and
      neither side rebuilt. He lost visual of every aircraft; nobody could see him.

      FALSIFICATION - CHECK THIS FIRST: [TEARDOWN] must NOT appear on a FIRST join. If it does,
      _presence_advertised is being set too early and this must be disabled again exactly as
      v353 was, because a spurious REMOVE for an ARRIVING player causes the very invisibility it
      is meant to fix - for everyone, on every join.
      Deadlock constraint unchanged: the call sits BEFORE the `with sl:` block, because
      teardown_ingame_presence -> broadcast_object_delete_3 -> get_sessions_in_room takes `sl`,
      a plain Lock rather than an RLock.

==============================================================================

v354: [REVERT] v353's teardown-on-slot-assignment is DISABLED. The guard was wrong and it
      fired on FIRST joins.

      v353 assumed entered_game/current_room are only True once a session is genuinely in the
      arena, so finding them set at slot-assignment time would mean stale presence from a
      previous life. They are ALREADY SET by that point in a NORMAL join.
      PROOF (run_20260727_184141, clean local test, nothing else running):
        18:41:41.185 server start
        18:42:06.919 SYN Ready: account="bigalon" sid=1, active_sessions=0   <- FIRST join
        18:42:22.209 Auth ACKed
        18:42:46.572 PLAYER63 ChangePlayer [(0, None, 0)]        <- the REMOVE record
        18:42:46.572 TEARDOWN AC2E_Bigalon ... room 45 (re-join: clearing previous presence)
        18:42:46.572 ROOM     AC2E_Bigalon -> room 45 (peers=0, assigned)
      It fired on a first join and named the room being ENTERED. Harmless in that test only
      because obj=none and peers=0. With peers present it would broadcast a msg-63 REMOVE for a
      player who is ARRIVING - producing exactly the invisibility v353 existed to fix, for
      everyone, on every join.

      Disabled with `if False and ...` rather than deleted, so the call site, the deadlock
      constraint and the reasoning stay together for whoever picks this up.

      THE UNDERLYING BUG IS STILL OPEN (ALL41_MAD: exit to HQ, re-join, mutual invisibility -
      see the v353 entry for the full trace). The fix needs a signal that distinguishes
      "presence ALREADY advertised to peers" from "about to be advertised". entered_game is not
      that signal. A dedicated flag set where PLAYER62 announces the join and cleared by
      teardown_ingame_presence and the msg-64 leave path would be - but it MUST be validated
      against a first-join log before being trusted, exactly as this one was caught.

      PROCESS NOTE: v353 shipped with an explicit falsification criterion written into both the
      code comment and the changelog - "if [TEARDOWN] ever appears on a FIRST join, that guard
      assumption is wrong and this must be revisited immediately". The very first test run
      produced that line and the revert took one read. Write the disproof condition down BEFORE
      shipping; it converts an ambiguous test result into a decision.

==============================================================================

v353: [SESSION] a re-join after exiting to the HQ left the previous in-game presence standing.
      Pilot loses visual of every other aircraft and nobody can see him.

      SYMPTOM (reported): ALL41_MAD exited to the HQ to change aircraft, joined again, and lost
      visual of all other aircraft; the others could not see him either.

      ROOT CAUSE: teardown_ingame_presence() existed (v348) but was wired ONLY into the REAP
      path, and the msg-64 back-to-lobby path has had its own teardown since v182. An HQ exit
      and re-join goes through NEITHER.
        15:02:08.392 LEAVE  _AvA_Insane pressed back-to-lobby (msg 64)   <- a proper leave
        15:02:37.580 DELETE3 ALL41_MAD ONumber=0x0104 (death)
        ...           NO [LEAVE] AND NO [TEARDOWN] FOR ALL41_MAD AT ALL
        15:06:47.098 ROOM   ALL41_MAD -> room 53 ClientNumber=0 PlayerIndex=0 (assigned)
        15:06:47.159 PLAYER62 broadcast join of ALL41_MAD -> 1 peer(s)
      15 teardowns fired in that file and none were his. Peers still held the old ALL41_MAD
      REMOTE_PLAYER at PlayerIndex 0 with his stale objects, so the msg-62 add landed on an
      already-occupied index - the client's "Add existing REMOTE_PLAYER" no-op - and neither
      side rebuilt the binding.

      FIX: tear down at the SLOT-ASSIGNMENT site instead of on yet another exit path. Chasing
      individual exit routes has now missed this twice (v182 covered msg 64, v348 covered reap,
      this went through neither). Every route back into a room passes through assign-room-slot,
      so tearing down there catches them all by construction, including routes not yet seen.

      THE GUARD IS THE POINT: entered_game is set when a session ENTERS the arena and is cleared
      by every clean exit. Finding it still True at slot-assignment time IS the stale-presence
      signal - a first join has it False and nothing fires. If [TEARDOWN] ever appears on a
      FIRST join, that guard assumption is wrong and this must be revisited immediately, because
      a spurious teardown produces the very invisibility it is meant to fix.

      DEADLOCK TRAP AVOIDED: the call MUST sit before the `with sl:` block.
      teardown_ingame_presence -> broadcast_object_delete_3 -> get_sessions_in_room takes `sl`,
      and `sl` is a plain Lock, not an RLock. The v323 note in the same function documents the
      same trap - it inlines its peer scan for exactly this reason.

      TEST: fly, exit to HQ, change aircraft, re-join with someone else in the arena. Expect a
      [TEARDOWN] line naming the re-join, and both pilots visible to each other afterwards.

==============================================================================

v352: [DIAGNOSTIC] log every distinct DAMAGE28 relay frame size once per (pilot, size) per
      session, with bc, T, the length its own header implies, a MATCH/MISMATCH verdict, and the
      first 24 bytes. No behaviour change.

      WHY: on 2026-07-27 at 14:13 all four in-arena clients CTD'd within ~2.3s and the ONLY
      traffic present was this relay - Gary hitting AC2E_Bigalon's obj 0x0110:
        14:13:25.430 relay 46B | 25.948 100B | 29.076 19B | 29.609 68B | 30.110 19B
        14:13:28.561 AC2E_Bigalon CTD | 14:13:30.043 Moira@HQ CTD | 14:13:30.320 Warrior CTD

      TWO EXITS, ONE ROOT. `Length=-19` at Engine\Net\Network.cpp:249 is a record walk running
      its remaining-length counter negative. The screenshot of the same crash shows
      `Access violation at net, address:0x7410A8, v.addr:0xDEB800EB` at FA30\Main.cpp:2407 -
      0xDEB800EB is not an offset off a valid base, it is a wild pointer read straight out of a
      mis-walked buffer. Whichever check the corrupted data reaches first is the one that fires,
      which is why the module varies ("at net" vs "at game").

      NOT THE v351 TELEMETRY BUG: every crashed client saw ONLY `in 7'84`, zero 165s, and the
      assert is Network.cpp:249 - not the msg-7 walk at line 167. v351 is holding.

      CORRECTION TO AN EARLIER READ - IMPORTANT. "The sender never crashes" was diagnostic for
      msg 7 (a client never receives its own relay) and it is what made Gary look immune here.
      He was not: Gary took the SAME Main.cpp:2407 access violation four minutes later, at
      14:17:23, differing only in module ("at game, address:0x7E2928"). Do not use
      sender-immunity as evidence for this bug.

      SUSPECT, EXPLICITLY UNPROVEN: at 14:13:24.926 Gary sent this message PREFIXED (inner
      sub=0x1c bc=2 len=50). v327 normalises the sub to 0x00 but deliberately leaves the bytes
      untouched, so if the 4-byte prefix is still attached when we relay `stored` verbatim,
      peers walk a frame 4 bytes longer than its header claims. The observed overrun is 19, not
      4 - so this is a lead, not a conclusion, and that gap is exactly why this version logs
      rather than patching. Precedent: v350 did the same for msg 7 and identified the culprit
      on its first live run, after two confident wrong diagnoses (v341, v349) had already been
      shipped against that signature.

      WHAT THE NEXT LOG DECIDES: if the header-implies figure MISMATCHes the actual size, the
      frame is malformed on our side and the fix is a length/prefix correction. If it MATCHes,
      the frame is self-consistent and this is the same record-walk desync as the msg-7 batch
      case - see the TODO entry on splitting multi-record frames, and expect the fix to be a bc
      ceiling like TELEM_MAX_BC rather than a length repair.

      ALSO CONFIRMED FROM THE SCREENSHOT: the HUD reads Kills 1 / Lost Planes 2 / Lost Pilots 2,
      so v345's death classification and the career push are both working in the live client.

==============================================================================

v351: [WIRE/CRITICAL] FOUND IT. A multi-record telemetry frame relayed verbatim CTDs every
      recipient. This is the `in 7'165` that has been killing arenas since 26 July.

      v350's instrumentation caught it on the very first run:
        13:23:44.816 TELEM-SIZE Fantum  97B bc=5  T=0xd2 opcode 0x08 obj=0x0100
        13:25:29.294 TELEM-SIZE Fantum 169B bc=10 T=0x52 opcode 0x07 obj=0x0104
        13:25:33.352 TELEM-SIZE Fantum 178B bc=10 T=0xe2 opcode 0x08 obj=0x0104
      bc=10, T=0x52 -> 160 + 5 = 165-byte appspace = the `in 7'165` seen in every crash log.
      That is almost exactly TWO 84-byte records batched into one msg 7.

      PROOF, from the same run:
        13:25:29.294  server relays the 169B frame
        13:25:29.517  AC2E_Bigalon CTD  ARR<NET::OBJECT*,2048>[49382]  (saw 2x `in 7'165`)
        13:25:30.014  Moira@HQ     CTD  ARR<NET::OBJECT*,2048>[49382]  (saw 2x `in 7'165`)
      SAME garbage index on both peers, 720ms apart, from one relayed frame. Fantum - the
      SENDER - received ZERO `in 7'` frames and did not crash, because a client never gets its
      own telemetry back. That is why the originator always survived and the bug kept looking
      like it belonged to whoever was watching.
      Indices seen from this defect across the week: 2144, 2468, 53808, 49382.

      MECHANISM: the receiving client's msg-7 handler walks ONE record. It reads the first,
      then treats the trailing record as an object index and indexes the 2048-slot
      NET::OBJECT ring with it.

      FIX: TELEM_MAX_BC = 5. Refuse to relay any telemetry frame with bc > 5. Every safe frame
      ever observed is bc=5 (one record). Logged once per session under [TELEM-GUARD].
      DROP rather than truncate: the record boundary inside the batch is not established, and
      guessing one reproduces the same crash. A dropped tick is invisible - telemetry runs at
      ~13/s and the next normal frame re-syncs the peer.

      WHY THE TWO EARLIER ATTEMPTS MISSED IT - read this before touching either:
        * v341 (relay over-read) truncates to the length the frame's own header declares. This
          frame is SELF-CONSISTENT: bc=10 genuinely describes 165 bytes, so the guard passed it
          and TELEM-GUARD correctly stayed silent. It is not a buffer over-read.
        * v349 (orphaned bail-out plane) was a real bug and is still fixed, but it was not this
          one: in run_20260727_130625 the despawn went out 0.9s before the crash in the correct
          order (DELETE 0x0101 -> CONFIRM5 -> CREATE2 0x0104) and the peer still died.
      Both were diagnosed from correlation without a controlling case. What finally worked was
      logging the offending frame itself - one instrumentation pass, answer on the first run.

      ALSO LEARNED: TELEM_OPCODES covers 0x07 AND 0x08 (byte[4] of the appspace). The 97B and
      178B frames above are opcode 0x08. Both are relayed by this path.

      OPEN: why Fantum's client batches two records at all - it may be a catch-up burst after
      the STALE-TICK freeze that precedes several of these. If it turns out peers CAN handle a
      batch when every referenced object is known to them, the better fix is to split the frame
      into single records and relay each - but establish the record boundary from FA.exe first,
      do not infer it from lengths.

==============================================================================

v350: [DIAGNOSTIC] log any relayed msg-7 appspace whose size is not in {84, 86, 88}, once per
      (pilot, size) per session, with bc, T, tick, object number and the first 24 bytes.
      Added after two wrong diagnoses of the same CTD signature (see v351). No behaviour
      change. It identified the cause on its first live run - when a signature has survived two
      fixes, instrument it rather than proposing a third mechanism.

==============================================================================

v349: [OBJECTS/CRITICAL] a bail-out plane that was never despawned killed every peer in the
      arena. THIS is the object overwrite - a new NetPlane taking a client station that an
      orphaned object still occupied.

      SYMPTOM: AC2E_Bigalon flying; another player joins, bails out, joins again; Bigalon CTDs
      with `in 7'165` then
          Exception in Fighter Ace engine: bounds error
          class ARR<class NET::OBJECT *,2048>[2468] 0..2047

      ROOT CAUSE: bailing leaves the empty plane flying ON PURPOSE (the held kill is credited
      when it comes down), but nothing despawns it if the pilot RE-SPAWNS first. Peers then hold
      TWO live objects on the SAME client station: the new NetPlane overwrites the station
      binding while the old object stays in the 2048-slot NET::OBJECT ring with nothing pointing
      at it. The next update referencing it walks off the end of the ring.
      TIMELINE (server_4_ + messages54, room 53):
        12:46:13.308 Fantum BAILED OUT -> parachuter 0x0105, plane 0x0104 keeps flying
        12:46:33.501 parachuter 0x0105 landed -> deleted
        ...           NO DELETE3 FOR 0x0104, EVER
        12:46:57.728 Fantum re-spawns -> ServerConfirm Number=262 (0x0106)
        12:46:58.275 CREATE2 Fantum St=1 ONumber=0x0106 -> AC2E_Bigalon
        12:46:58.4   Bigalon: "Create NetPlane (Spit-Vb LF). St=1, ONumber=262" -> `in 7'165`
                     -> ARR<NET::OBJECT*,2048>[2468] -> CTD

      NOT v341's BUG - IMPORTANT. The crash signature is identical to the v341 mass-CTD, but
      TELEM-GUARD fired ZERO times in this run, and Bigalon had already survived TWO earlier
      165B frames in the same session. The oversized frame is the TRIGGER; the orphaned object
      is the CAUSE. Do not re-open relay_telemetry on this signature alone - check TELEM-GUARD
      first, then check for a duplicate station binding.

      FIX: record the abandoned plane at bail time (bailed_plane_obj), and at the CONFIRM5 spawn
      site - which runs BEFORE the CREATE2 for the new plane - broadcast a delete for it so the
      station is free when the new NetPlane lands. broadcast_object_delete_3 always addresses
      s.my_obj_number and that is already the NEW number by then, so the abandoned number is
      swapped in for the call and restored in a finally. Safe because that function builds the
      delete packet SYNCHRONOUSLY and the sender thread closes over the finished bytes.

      NEAR MISS WORTH RECORDING: the first attempt passed obj_number_override=... to
      broadcast_object_delete_3. THAT PARAMETER DOES NOT EXIST - the real signature is
      (s, reason, clear_peer_created, followup_pkt, followup_label, killer, exit_byte,
      exit_entry). It would have raised TypeError on EVERY spawn. Read the signature before
      calling into that function; it is the single most load-bearing helper in the file.

      KNOWN GAP, accepted deliberately: the kill held against the abandoned plane can no longer
      be credited once it despawns, because nothing is left to come down. A peer-wide CTD is
      worse than a lost credit. Revisit when the held-kill mechanism is sorted out - the pilot
      already starts a new life when the parachute lands, so the empty plane has no further
      purpose in the current design.

      TEST: two players, one bails and immediately re-spawns without waiting for the empty plane
      to come down. Expect a PARA line naming the despawn, and NO CTD on the observer.

==============================================================================

v348: [SESSION/CRITICAL] a session that ended WITHOUT msg 64 never told in-game peers, so the
      recycled ClientNumber/PlayerIndex was inherited by the next joiner while peers still had
      the departed pilot bound to it. Misattributed hits, kills and collisions.

      SYMPTOM (reported): "Moira had left the game, Cheech shot me up and collided, but my
      screen and chat log show Moira@HQ scored the hits and collision."

      ROOT CAUSE: only the msg-64 back-to-lobby path sent the in-game teardown (v182/v191:
      type-3 object DELETE then msg-63 CP_OP_REMOVE). Every other way a session ends - client
      crash, socket reset, reap-on-reconnect, timeout - did only
          broadcast_player_leave()   (LOBBY UI list only)
          broadcast_system(); db_room_leave()
          _free_start_place(); free_client_number()   <- slot straight back in the pool
      No object delete, no player removal. The slot was then handed to the next joiner while
      every peer still mapped it to the previous pilot and still had their ghost plane.
      TIMELINE (run_20260726_090535_1_, room 53):
        17:57:58 Moira@HQ -> ClientNumber=0 PlayerIndex=0
        18:00:30 Moira spawns ONumber=0x0100, peers told
        18:01:0x Moira's session ends - NO LEAVE, NO REAP, NO DELETE3, NO msg-63 REMOVE
        18:01:28 Taurus sends a delete for 0x0100 (Moira's ghost) -> server no longer knows the
                 object -> "neither its own nor any peer's" -> swallowed. THIS LINE IS THE PROOF
                 OF DIVERGENCE: the peer was trying to clean up something the server had already
                 forgotten, three minutes before the collision.
        18:01:30 Cheech -> ClientNumber=0 PlayerIndex=0   <- Moira's recycled slot
        18:04:5x Cheech (obj 0x0113) damages and collides with Taurus -> reported as Moira@HQ
      Client-side corroboration: "Add existing REMOTE_PLAYER" and the
      "AceOrRankChangedCB. PlayerIndex=N not found" floods - which is also the long-standing
      ACE88 mystery, now explained rather than merely observed.

      FIX: teardown_ingame_presence(s, why) - the same DELETE-then-REMOVE the msg-64 path sends,
      preserving the v191 ordering (plane before player, or a flying peer use-after-frees the
      dangling NetPlane). Called from the reap path BEFORE free_client_number returns the slot.
      Guarded on entered_game and wrapped in try/except so a teardown failure cannot break
      session cleanup. New log tag: [TEARDOWN].

      NOT ADMIN-RELATED: rights were only ever granted to Moira@HQ, AC2E_Bigalon, Taurus@FA and
      Sparky@FA. _AvA_Insane was NEVER an admin and hit the same class of failure.

      UNCONFIRMED: Moira's session produced no REAP line at all, so it may have ended by a path
      other than the reap cleanup. If [TEARDOWN] does not appear on a hard disconnect, the same
      call has to be added wherever that path lives.

==============================================================================

v347: [RESUPPLY] SUPPLY_GRANT_FLAGS 0x08 -> 0x01. The msg-60 flag bits were mislabelled; the
      repair/rearm branch was unreachable, and our own bit 3 was printing the "shortage"
      messages we had been reading as evidence of a broken economy.

      DECODED FROM THE CLIENT (FA.exe 0x005581c0, the msg-60 handler). Layout confirmed against
      the wire - the handler reads flags at param+3, amount u16 at +4, amount2 u16 at +6, which
      is exactly the 8 bytes the client logs as `in 60'8`:
        bit0 0x01  the branch that formats amounts into messages 0x9f/0xa1, then calls
                   FUN_004ebf00(amount) / FUN_004ec5c0(amount2), FUN_004ebd10(), and sets
                   plane+0x1b4c = 1. That write and FUN_004ebd10 occur NOWHERE ELSE in the
                   handler - unreachable with bit0 clear.
        bit1 0x02  ignore amount,  set fuel to max (plane+0x4e8)
        bit2 0x04  ignore amount2, set ammo to max (plane+0x500)
        bit3 0x08  emit messages 0xe5 and 0xe6 at LAB_005584e5. DISPLAY ONLY - no state change,
                   no economy test anywhere near it.
        bit4 0x10  suppress fuel message;   bit5 0x20  suppress ammo message

      TWO CONSEQUENCES:
        (1) We were sending 0x08, so bit0 was clear and the repair/rearm calls were never
            reached. Fuel arrived; repair and rearm did not. That matches every report.
        (2) "No additional ammunition available" / "Insufficient aircraft units at this base to
            supply your plane normally" are NOT the field economy reporting a shortage. Bit 3 is
            their only gate, so we printed them on every grant regardless of stock. An earlier
            session read them back as proof the economy was empty and nearly went off to fix a
            non-existent bug. 0xa4 additionally fires whenever amount2 == 0.

      HOW THE LABELS GOT WRONG: v285 recorded 0x08 as "incremental top-up + client-side
      base-supply accounting" and it survived ~60 versions unchallenged. Identical failure to
      DEATH_MEC_NIBBLES in v345, where the crash and menu-exit codes were swapped in a comment.
      Both were plausible labels that had never been checked against the binary. When a constant
      encodes client behaviour, decode it from FA.exe - do not infer it from what we intended.

      DIRECTION OF msg 0x49 SETTLED WHILE DOING THIS: the client does NOT request supply. It
      REPLIES. messages47 shows `in 60'8` -> EVENT text -> `out 73'39`, and 73 = 0x49 = the
      SendRepairInfo built at FUN_004c8690 (39-byte body, opcode 0x49, FUN_007e3350(buf,0x27)).
      A test with auto-resupply DISABLED (run_20260726_125335) confirmed it: full sortie,
      landing, engine off, and the client sent nothing but chat. Do not re-run that experiment.

      ALSO CORRECTED: sub=0x53 is NOT engine on/off. ...5300 always precedes a SPAWN, ...5301
      always precedes an EXIT (sub=0x03 or the 0x3a HQ catalog) - verified across three sessions
      and many pilots. So the v339-era rule "engine-ON clears at_airfield" actually fires when
      the pilot climbs OUT, and at_airfield is never cleared during a sortie in ANY arena. The
      v346 note calling this air-start-specific is wrong: the bug was general. It also means
      resupply-after-landing already works on v346, and v346's movement gate is now the ONLY
      thing preventing mid-air rearms.
      STILL BROKEN, and this is what position resolution is actually for: at_airfield records
      where you SPAWNED. Take off from field A, land at field B, and you are supplied from
      field A's stock.

      TEST: fly, land, stop. Expect the two "Insufficient..." lines to DISAPPEAR, new EVENT text
      carrying actual quantities, and a visible repair/rearm rather than fuel only.
      REVERT: SUPPLY_GRANT_FLAGS back to 0x08.

==============================================================================

v346: [RESUPPLY] auto msg-60 rearms were being granted to AIRBORNE aircraft. New ground gate.

      SYMPTOM: pilot reports an in-flight repair while in combat at altitude.

      ROOT CAUSE - two faults compounding:
        (a) at_airfield is set at spawn and cleared ONLY on the engine-ON transition. In an
            AIR-START arena that transition NEVER OCCURS - the pilot spawns with the engine
            already running - so at_airfield stays set for the entire sortie. Confirmed on the
            wire: the only 0x53 messages before those grants carry ...5300 (engine OFF); the
            ...5301 for _AvA_Insane lands at 02:31:22, FIVE MINUTES AFTER his three grants.
        (b) Gates (1)-(4) only prove the position REPEATED, which is also precisely what a
            frozen conductor tick produces - and tick freezes are endemic (6 of 12 pilots).
      Together: stalled telemetry in an air-start room reads as "stationary at an airfield".
      7 grants to airborne aircraft in run_20260726_022244_1_, every one at AF=0, altitudes
      2112-3084, positions scattered across the whole map. Firing a msg-60 in flight is exactly
      what v277 exists to prevent - it rebuilds the plane object and can FREEZE the client.
      NOTE this makes the endemic tick-freeze a CAUSE of a second bug, not just a symptom.

      FIX: new gate (4b) - refuse the auto-grant when plane_movement(s) >= CRASH_MOVEMENT_MIN,
      the same predicate plane_was_flying()/the DEATH classifier already rely on. No new
      threshold was invented and no scene data is needed.

      CALIBRATION (this is why a ground-start sample was requested before writing anything):
        run_20260726_122104, ground start, room 49, AF=2, engine OFF throughout - TWO CORRECT
        grants at pos=(4624,21449,3908) and (4184,18889,3902), and the exit logged
        "exited UNDAMAGED and PARKED (movement=0)".
        Airborne removals log movement=242665..301359.
        So 0 vs ~250k - the existing threshold separates them cleanly.

      REJECTED DESIGN - do not retry it: "clear at_airfield once the plane moves away from its
      spawn position". The legitimate ground session TAXIED 2560 units in Y between its two
      valid grants, so a moved-from-spawn rule would have broken the working case. This was
      caught only because a real ground-start log was obtained first.

      NOT DONE: v339's position-based field resolution from fa_scenes.json is still the eventual
      answer for detecting a LANDING (so a pilot who takes off and returns can resupply again).
      This version stops the harm; it does not restore that capability.

==============================================================================

v345: [SCORING] deliberate crashes were not counted as deaths. The MEC nibble table had the
      crash and the menu-exit the wrong way round.

      SYMPTOM: pilot crashes repeatedly, HUD death count never moves. In the 07:32 session
      AC2E_Bigalon spawned SIX times and lostpilots stayed at 8 for five of them, incrementing
      to 9 exactly once.

      ROOT CAUSE: is_death = mec_nib in DEATH_MEC_NIBBLES, and the set was {0xa, 0x5, 0x6}.
          deliberate crash  -> exit=0x11 -> nibble 1  -> NOT in set -> "re-fly/plane-swap"
          exit to menu      -> exit=0xa0 -> nibble 0xa -> in set     -> counted as a death
      Exactly backwards. The pilot confirmed all five were flown into the ground on purpose,
      and that the only removal which ever scored was the menu exit.
      The v232 comment asserting "A CRASH ... MissExitCode 26" is WRONG - 26 (nibble 0xa) is the
      MENU EXIT. That comment is left in the file, contradicted in place, so the next reader
      does not re-derive it and re-introduce the bug.

      FIX: add 0x1 to DEATH_MEC_NIBBLES. Deliberately NOT removing 0xa - leaving the game while
      airborne should still cost the plane, and that is the existing anti-abuse behaviour.
      SAFETY: adding 0x1 routes crashes into the `elif is_death` branch, which still applies the
      existing "exited UNDAMAGED and PARKED -> clean exit, NOT a death" movement test. So if a
      genuine land-and-swap also reports 0x11 it is still excluded, by the check that branch was
      built for. No new discriminator was invented.

      IF THIS DOES NOT FIX IT: the crashes will now fall to that second gate instead of the
      first, and the log will say "exited UNDAMAGED and PARKED (MEC&0xf=1, movement=N) -> clean
      exit" rather than "re-fly/plane-swap". That would mean the movement/flying state is stale
      at removal - note every one of these crashes had a 0x17 StartPlace request arrive ~11ms
      BEFORE the 0x03 delete, and the delete then read flying=False. Same ordering that caused
      the v343 start-place race. Fix that ordering rather than loosening the movement test.

      HOW IT WAS FOUND: only by asking the pilot what he actually did. The wire is genuinely
      ambiguous between a crash and a re-fly - both produce 0x17 then 0x03 then a plane-select -
      and no amount of log reading distinguishes intent. Two sessions were spent inferring.

==============================================================================

v344: [DIAGNOSTIC] name the ACE88 recipients. No behavioural change.

      The msg-88 flood is confirmed from the client side: in messages44, five `in 88'7` land in
      a single millisecond (07:36:43.024) and EVERY one fails - PlayerIndex 3, 1, 7, 4, 0 all
      "AceOrRankChangedCB. PlayerIndex=N not found". Same in messages20 for _AvA_Insane:
      22 failures across indexes 0,1,4,7,8,10,11 out of 83 msg-88 arrivals.

      The broadcast fans out to every session in the room with no check that the recipient was
      ever advertised the subject:
          _targets = [t for t in get_sessions_in_room(s.current_room) if t is not s]
      That is CONSISTENT with the symptom but does not establish the cause - the recipient may
      never have been sent a msg 62 for that player, may have been sent one late, or the index
      may have been recycled. Suppressing sends on that guess risks silencing legitimate rank
      announcements, so this version only makes the question answerable: the ACE88 line now
      lists the recipient pilots by name.

      TO CLOSE IT NEXT SESSION: take one failing PlayerIndex from a client log, find the ACE88
      line that carried it, read off which peers received it, and check whether a PLAYER62
      advertisement for that subject ever went to those peers. That is a direct log-to-log
      cross-reference and it decides between "never advertised" and "advertised but stale".
      Precedent: the same move on FLY23 in v343 turned an undiagnosable subsystem into a
      solved one in a single session. Do not guess at a suppression rule before doing this.

      ALSO NOTED: v343 sat on disk UNDEPLOYED for a full session. server_2_.log shows the last
      start banner as v342 (02:22:44) still serving traffic at 07:37 - the file was v343, the
      process was v342, and an entire test session was diagnosed against the wrong build before
      anyone noticed. Check the banner in the run log against VERSION before analysing anything.

      OPEN, DELIBERATELY NOT FIXED HERE: 5 of 6 deaths in the 07:32 session were classified
      "re-fly/plane-swap, NOT a death" because they carried exit=0x11 (MEC nibble 1); the one
      that counted carried exit=0xa0 (nibble 10). The v232 note says a real crash arrives as
      MissExitCode 26, and each 0x11 exit was preceded ~11ms by a 0x17 StartPlace request -
      which IS the re-fly sequence. Whether those five were genuine crashes or deliberate
      re-flies is unresolved and only the pilot can say. Do NOT flip the classifier on
      inference: it writes lostpilots into the career DB permanently and there is no clean
      rollback if 0x11 really is a plane swap.

==============================================================================

v343: [SPAWN] start-place grant races the player's own death -> no respawn, empty plane list,
      timeout. Plus the FLY23 log finally names the pilot.

      SYMPTOM: die, then "waiting for a start position on the airfield" forever, exit to HQ to
      an empty plane list, then the client times out. Reported by AC2E_Bigalon twice and seen
      independently on _AvA_Insane. The client names it itself:
          ERROR: Time for waiting start place has been expired

      ROOT CAUSE - A RACE, which is why it comes and goes. The client sends its StartPlace
      request (0x17) a few MILLISECONDS BEFORE it reports its own death (0x03), then the KILL
      lands. All three inside ~40ms:
          _AvA_Insane   02:45:22.765 0x17 -> GRANT N=0 (same ms)
                        02:45:22.775 0x03 (own exit, flying=False)
                        02:45:22.807 KILL by Snoman            <- 42ms after the grant
                        02:45:37.8   opens HQ
                        02:45:38.5   client logs the start-place expiry
          AC2E_Bigalon  02:27:27 .829/.840/.868  -> respawned FINE
          AC2E_Bigalon  02:29:37 .593/.604/.631  -> HUNG
      Same ordering every time, different outcomes -> race. We grant a start place to a plane
      that is already dying; the client drops it with the dead object; neither side re-issues;
      the client waits out its own ~15s timer and falls back to HQ, where the plane list is
      empty because it never re-entered a flyable state.

      FIX: record each grant on the session (_last_sp_grant), and when a DEATH delete goes out
      within SP_REGRANT_WINDOW_S of that grant, re-send the SAME packet once, after the delete.
      SP_REGRANT_ON_DEATH=True gates it; flip False if it ever double-spawns.
      Exercised before shipping: re-grants once on a 42ms race; does NOT fire on back-to-lobby;
      does NOT fire on a 9s-old grant; fires only ONCE across two consecutive deletes; no-ops
      when there was no prior grant.

      ALSO: the FLY23 line did not include the pilot name. With 14 players in a room that made
      every grant unattributable and cost two sessions of diagnosis - there is still a grant at
      02:45:30.356 in that log that CANNOT be assigned to anyone. Never remove the name again.

      HYPOTHESES KILLED ALONG THE WAY (do not re-run these):
        * NOT admin/moderator power. Rights were only ever granted to Moira@HQ, AC2E_Bigalon,
          Taurus@FA and Sparky@FA; _AvA_Insane was NEVER an admin and hit the identical
          failure. Admin status is unrelated.
        * NOT auto-resupply. Only 2 pilots were ever air-resupplied (_AvA_Insane x3,
          AC2E_Bigalon x1) and _AvA_Insane - the most resupplied - never froze or stalled once,
          while 5 pilots who were never resupplied did freeze.
        * NOT reliable-channel loss. The grant went out in the SAME MILLISECOND as the request.
          Reliable stalls are real and endemic (6 of 12 pilots) but every logged one RESUMED:
          seven warns, seven recoveries, including a 119.2s-stale tick that came back.

      STILL OPEN AND UNRELATED: auto-resupply grants a msg-60 rearm to AIRBORNE aircraft - the
      "position static" test called a plane moving 34302 -> 24065 -> 5121 stationary, three
      times, at altitudes 2591/2310/2167. That is the v277/v339 mid-air rearm hazard and it
      still needs the position-based field resolution from fa_scenes.json. Also open: the
      endemic reliable stalls; ACE88 broadcasting for already-deleted PlayerIndexes (visible
      client-side as "AceOrRankChangedCB. PlayerIndex=N not found", 8x in messages20); and
      "Unsupported message 8" - we are sending a message type the client has no handler for.

==============================================================================

v342: [MODERATOR/SAFETY] the moderator-op probe was claiming ordinary arena-exit deletes.
      Swallowed them for everyone, and EXECUTED them as kill/eject commands for anyone
      holding rights.

      SYMPTOM (reported): shot down, could not respawn ("waiting for a start position on the
      airfield" in an air-spawn arena), exited to HQ to an empty plane list, then the client
      timed out. Client log messages42: 18 x `out 67'1` (the 0x43 room-confirm poll, 1 Hz)
      with no answer, then `Error in Conductor: User has cancelled (-1)` / `Can't exit
      AppSpace`, then `Local layer has timed out (-140)`.

      ROOT CAUSE: the detector took pl[8] as a compound-wrapped moderator opcode without
      checking that the message WAS compound-wrapped. A client's arena-exit bulk delete is
      msg 3 carrying a list of [80 NN] client entries:
          pl = 01 72 00 00 03 00 8001 8002 8003 8005 8006 8007 800b 800d 800e 8004 80
      pl[8] is 0x80, so the delete was claimed as a moderator op.
        * For a NON-moderator: swallowed. The delete never ran. 17 hits across 10 pilots in
          7.5 minutes - ALL41_MAD, Celt, DBD_GCEXTREME, GetsumJ, KILO, MILLHOUSE13, Paddy,
          Snoman, Warrior, _Butterz_. Every one an ordinary arena exit, not an attack.
        * For a pilot WITH rights: EXECUTED. The delete list was parsed as a pilot NAME for
          killp/ejectp/crumblep/nofuelp. Twice in that log (02:04:13 killp?, 02:07:09
          nofuelp?), both landing on "no target" because the bytes decoded to garbage.
          A list that happened to decode to a real pilot name would have killed or ejected
          that player - caused by nothing more than a moderator leaving an arena. This was
          the actual hazard; the hang was the milder half.

      FIX: require the compound marker - a genuinely compound-wrapped message carries 0x00 in
      the sub slot (pl[4]) with the real sub at pl[8]; msg 3 carries 0x03 there. One added
      condition: `pl[4] == 0x00`.
      VERIFIED against real payloads from the log before shipping: the two exit-delete shapes
      are released, while DIRECT (pl[4]=0x80), COMPOUND (pl[4]=0x00) and PREFIXED (bc=0, so
      pl[4]=0x00) moderator commands all still match.
      IF MODERATOR COMMANDS EVER STOP WORKING: a real command is arriving with pl[4] != 0x00.
      Log pl[:12] at that branch and widen the marker - do NOT revert the guard.

      STILL OPEN, NOT FIXED HERE: the client polls 0x43 after returning to the lobby and is
      never sent a JoinToGameAnswer 201, so it hangs and times out. In the same log the only
      201s went to players JOINING (Moira@HQ 02:06:41, ARS_Endo 02:07:39); a player who died
      and went back to lobby got none. _maybe_grant_create_entry covers the arena-CREATION
      flow only. Whether the swallowed delete above was causing this or it is independent is
      NOT established - fix the 201 re-entry grant next and re-test.

      v341 STATUS in this run: TELEM-GUARD fired ZERO times across 7.5 minutes and 14
      players - fully inert, no regression, and no mass CTD recurred.

==============================================================================

v341: [WIRE/CRITICAL] relay_telemetry relayed the WHOLE remaining datagram as one msg-7
      record. One malformed relay killed every client in the arena simultaneously.

      SYMPTOM: 9 players CTD within ~3 seconds, all with the identical engine exception:
          Exception in Fighter Ace engine: bounds error
          class ARR<class NET::OBJECT *,2048>[2144] 0..2047
          file ...\engine\containers\ring.hpp, line 27
      Every client's last network line was `in 7'165`. Normal msg 7 is 84B (T=0x42) or
      86B (T=0x62); 165B is not a legal size for it.

      ROOT CAUSE: the telemetry scan did `c = pl[_off:]` then `_telem = c` - c is the rest
      of the datagram, NOT one record, and nothing truncated it to the declared length.
      A spawn carries the telemetry frame plus trailing bytes, so we forwarded the tail
      wholesale. Receiving clients parse it as a single msg-7 record, read past the real 84B
      into the trailing content, and derive a phantom ONumber from buffer garbage. Anything
      >= 2048 indexes the NET::OBJECT ring out of range and aborts the engine.

      FIX: `_need = 4 + c[0]*16 + (c[1] >> 4)` (Size = bc*16 + (T>>4), full record = 4+Size,
      the same invariant v340 validated on 32/32 real payloads). Relay `c[:_need]`. Frames
      SHORTER than their own header claims are dropped, never relayed. Both conditions log
      once per session under [TELEM-GUARD] - never per-frame, telemetry runs at ~13/s.
      Verified before shipping: 88B datagram -> relays 84B unchanged; 90B -> 86B unchanged;
      169B (the fatal shape) -> 84B instead of 165B; 48B -> dropped.

      EVIDENCE TRAIL (run_20260726_012319, 5 client logs, 1 vcncnet trace):
        * Trigger is a SPAWN: 01:27:23.524 `out 4 spawn -> ServerConfirm Number=267 ident=2`
          (_AvA_Insane, ONumber=0x010b). Object 0x010b has 17 of its 18 frames oversized;
          every other object has 0 across 250+ frames each.
        * The cloud server clock runs ~2s AHEAD of the clients - server 01:27:23.5 is client
          01:27:21.5, which is when the trace shows 84B -> 165B. Always offset-correct before
          correlating cloud-server and client logs.
        * The over-read is directly visible client-side: "Get coord for missing object 1401"
          appears exactly twice in 4 of 5 logs while every other object number is 256..270.
          1401 is survivable, 2144 is not.
        * Ghidra: dispatcher FUN_004f18a0 proves the first appspace byte IS the message type
          and the table is 256 slots at 0xc81ed8, slot = base + id*4 (verified: _DAT_00c82038
          = id 88 = AceOrRank). The bounds assert is a generic ARR<T,2048> macro - see
          FUN_004f1d50 for the exact ring.hpp:27 / "%s[%i] 0..%i" call pair.
        * NOTE FOR NEXT TIME: msg 7's slot (0xc81ef4) is NOT in the FUN_004f1490 registrar -
          the lowest there is id 20 - yet no client ever logged "Unknown Type", so low IDs are
          registered somewhere else. Don't re-derive this; it cost three probes.

      NOT THE CAUSE: v340. Its re-frame path fired 4 times in the whole 23-minute log and
      ZERO times within 30s of the crash; the last two REFRAME lines before the spawn are both
      the v327 normalise path. v340 worked as intended in this same log (38 SUPPLY69,
      3 COLLIDE125, including one re-framed collision and one re-framed supply request).

      REGRESSION METRICS: (1) "Get coord for missing object <N outside 256..270>" in client
      logs must be zero; (2) no msg 7 may ever appear outside the 84-88B band; (3) any
      [TELEM-GUARD] line means a client is sending non-conforming datagrams - worth reading,
      but it is now contained rather than fatal.

==============================================================================

v340: [WIRE] PREFIXED_REFRAME_SUBS - msg 69 (scene-supply) and msg 125 (collision) were
      being dropped 100% of the time in their prefixed form.

      FOUND BY: auditing run_20260725_203749 (4h, 9 pilots, 323 prefixed messages over 22
      distinct subs) and matching every captured message 1:1 against its own handler log line:
          msg 69  (0x45): plain 200/200 handled   PREFIXED  0/29 handled
          msg 125 (0x7d): plain  23/23  handled   PREFIXED  0/3  handled
      Total loss in both cases, not partial. Two apparent prefixed successes on msg 69 were
      timing false positives - each had a PLAIN request from the same pilot within 0.6s that
      accounted for the SUPPLY69 line. Verify that way, not by proximity alone.

      WHY v327 DID NOT COVER THEM: v327 normalises sub to 0x00 so the pl[8] double-wrap
      fallbacks fire. That only helps subs which HAVE such a fallback (chat 0x14, team-select
      0x44, leave 0x40, delete 0x03, 0x17, 0x1f). 0x45 and 0x7d have none, so normalising sub
      to 0 just guarantees no handler ever matches and the message dies silently. That is the
      real definition of the '19 uncovered subs' from the v33x audit: not 'no prefixed guard'
      but 'no pl[8] reader'.

      FIX: PREFIXED_REFRAME_SUBS = {0x03, 0x45, 0x7d} - these get the FULL re-frame (pl = pl[4:])
      that 0x03 has had since v326, instead of the sub-normalisation. The existing plain-path
      handlers then receive a plain frame and needed NO changes at all.
      This is NOT the blanket re-frame the v327 comment warns against. v327's hazard is shifting
      bytes under a handler that already reads pl[8]; these two have no pl[8] reader, which is
      precisely why they were dead, so nothing currently being read can shift. The set is
      explicit rather than a default - empty it to revert to pure v327 behaviour.

      VERIFIED STATICALLY on all 32 captured prefixed payloads before shipping:
        * the _pfx guard detects 32/32
        * after pl[4:] all 32 satisfy len == 4 + bc*16 + (T>>4)
        * every resulting (T,len) shape is one the plain handler has already processed
          (msg 69: 29/29 shapes, T=0x32/0x52/0x72/0x92/0xb2; msg 125: 3/3, T=0x72)
      NOTE the frame-length invariant is len == 4 + bc*16 + (T>>4), NOT bc*16 + (T>>4). Size
      excludes the [bc][T][00][00] header. Getting that wrong makes every PLAIN message look
      like a mismatch too, which is the tell.

      ALSO CORRECTED: the 'byte-swapped cmd' anomaly (0x0312 vs 0x1203) is not a bug - the
      v327 layout note already documents pl[2:4] as cmd, BE u16. Nothing to chase there.

      NOT DONE, deliberately: 0xd4 (LEAVE) and 0xd7 (SetArena) were the v33x audit's prime
      suspects for the escape-to-leave bug, but they appear ZERO times in the entire run,
      prefixed or plain. All 16 in-game leaves went through msg 64 (0x40), which already has a
      pl[8] fallback and fired 5/5 on its prefixed arrivals. Those two audit entries are
      unfalsifiable from this capture and the paths look dead - do not fix them blind.
      msg 28 (0x1c) is a weak signal worth a look: 21 prefixed seen, ~76% handled vs 94% plain.

==============================================================================

v339: [RESUPPLY] REVERTED v338's engine-OFF re-park. Removes the mid-air re-park risk;
      the root bug is deliberately left OPEN rather than papered over.

      v338 restored at_airfield from _last_af on engine-off, on the theory that engine-off
      means the pilot has landed. That conflates two different things and is wrong in BOTH
      directions:
        * AIR START, no takeoff -> there is no launch field, so _last_af is None and the
          restore did nothing; resupply still never fired for those pilots.
        * ENGINE CUT IN THE AIR (glide, stall, battle damage) -> it re-parked the plane at a
          field it may be nowhere near, potentially setting at_airfield WHILE AIRBORNE. Firing
          a msg-60 rearm mid-flight is exactly what v277 exists to prevent - it rebuilds the
          plane object and FREEZES the client. The settle/freshness guards make that unlikely,
          not impossible, and 'engine off and looks static' is a far weaker guarantee than
          'parked at a field'.

      ROOT BUG STILL OPEN: at_airfield is only ever SET from StartPlace (spawn) and CLEARED on
      engine-on (takeoff), with nothing to restore it after a landing - so _resupply_poll_loop's
      first gate rejects any plane that took off and came back.
      THE CORRECT FIX is to resolve the field FROM POSITION on engine-off. fa_scenes.json
      carries 722 scenes across 14 terrains, so a nearest-field + altitude check handles the
      air-start case AND correctly resolves to nothing for a mid-air engine cut. Do that rather
      than reaching for _last_af again.

==============================================================================

v338: [RESUPPLY] engine-OFF re-park - SUPERSEDED, see v339 above for the full reasoning.
      Restored at_airfield from _last_af when the client reported engine off, as an attempt to
      make auto-resupply fire for a pilot who took off and landed again. Reverted in v339: it
      was a no-op for air starts and could set at_airfield mid-flight after a battle-damage
      engine cut. Kept as an entry so the attempt is not repeated.

==============================================================================

v337: [PLANES] byte-0 tab override (EXPERIMENTAL, now ON) + v336 nation-range fix.

      v336 FIRST: the catalog filter's `_have_side` was written `0 <= s.nation < 5` in v334,
      but NU/Neutral is camp 7. For an NU pilot that made _have_side False; with nothing
      staff-hidden for an admin, kept == ids, which fails the `len(kept) != len(ids)` guard, so
      NO filtered echo was sent and the client fell back to its own nation grouping. Range is
      now `< 8` (camps 5/6 unused, harmless to admit).

      v337: the 0x3a catalog echo controls only whether a plane is IN the hangar list - the
      client picks the nation TAB from the GAME_DEF plane-info array (byte 0). So PLANE_TEAMS
      camp 7 could keep the Me-163B out of other sides' lists but could not move it onto the NU
      tab. apply_plane_byte0_override() writes byte 0 directly; {118: 0x80} = bit 7 = camp 7.
      Placed AFTER apply_plane_teams (which rewrites byte 0 every run) and BEFORE both encoders
      - it was first written into the all-literals fallback, where the normal real-LZ path would
      have skipped it. Length-preserving, so pad alignment is untouched.
      GUARD: a value of 0x00 is REFUSED outright and logged, naming the v332 CTD. That value can
      never be written through this path again.
      RESULT: bit 7 is ACCEPTED - no CTD, unlike v332's 0x00. So the top bits of that byte are
      usable as camps, and it was specifically "no bits set" that the GAME_DEF parser rejected.
      PLANE_BYTE0_OVERRIDE_ENABLED shipped False and was turned on after a live test.

      *** KNOWN ISSUE - accepted for now, not fixed ***
      With the override on, the NU tab shows the WRONG JET, and an admin still sees an Me-163B
      on the JPN tab. So byte 0 moves a plane onto a tab, but the tab->slot mapping the client
      uses for DISPLAY is not the same indexing as PLANE_ROSTER slot order - the entry that
      appears on NU is some other airframe, and the JPN entry is not being vacated. Likely the
      same class of problem as the 2026-06-30 correction that rebuilt PLANE_ROSTER from the
      msg-58 catalog when it turned out the old list was in HANGAR DISPLAY order rather than
      slot order. Next step if this is picked up again: dump the client's msg-58 catalog while
      the override is active and compare display position against slot 118, rather than
      assuming byte 0 alone re-tabs cleanly.
      Alon's call: good enough for now.

==============================================================================

v336: (folded into the v337 entry above)

==============================================================================

v335: [PLANES] Me-163B moved to the NU/Neutral camp, and the staff gate is now ADMIN RIGHTS.
      Per Alon: the real entitlement is admin status, not the pilot-name tag - and since the NU
      side is already admin-only, putting the aircraft on that side makes the plane restriction
      fall out of the side restriction for free.
      * PLANE_TEAMS gains camp 7 (NU) holding the Me-163B; it was on camp 3 (Germany), not Japan
        as the hangar suggested. Slot 118 -> camp 7, no plane assigned to two camps.
        Verified: the Komet is now hidden for USA/GB/USSR/Germany/Japan and visible only on NU.
      * WHY THIS CANNOT REPEAT THE v332 CTD: with PLANE_FILTER_VIA_CATALOG=True,
        apply_plane_teams writes 0x1f into every plane's byte 0 REGARDLESS of camp, so a camp
        value of 7 never reaches that byte. The camp only feeds _slot_camp_map(), i.e. the 0x3a
        catalog filter. Flagged in the table: if PLANE_FILTER_VIA_CATALOG is ever flipped to
        False, apply_plane_teams would write (1 << 7) = 0x80 there, and bit 7 of that byte is
        UNTESTED - check before doing so.
      * pilot_may_fly_staff_planes() now consults db_get_admin_rights() first and falls back to
        the name-tag test (and to the tag alone if the DB call raises). Without this an admin
        whose pilot name carries no tag would have been locked out - and with the Komet on the
        admin-only NU side, that combination would have made it unflyable by ANYONE.
      * The STAFF_ONLY_PLANES catalog filter is deliberately KEPT as a second, independent gate,
        as requested - side membership and staff status now both have to hold.

==============================================================================

v334: [PLANES] The Me-163B stayed visible to non-staff - the catalog filter was never running.
      Same omission as msg 28 in v333, in a second place. The 0x3a catalog filter - which is
      what ACTUALLY hides planes, since the hangar gates on plane-ID membership in this echoed
      list - was gated on `sub == 0x3a` alone. When the client sends its catalog in the PREFIXED
      wrapper, v327 normalises sub to 0x00, so the filter never fired and the FULL unfiltered
      catalog was echoed straight back. The 0x3a catalog is definitely seen prefixed in practice
      ("cmd=0x00e2 ... inner type=0xa2 sub=0x3a" appears in the REFRAME notes).
      TWO offset bugs came with it, exactly as in v333: in the prefixed form pl[0]/pl[1] are the
      counter and cmd bytes, NOT bc/T, and the ID list starts 4 bytes later - so reading the
      header from the wrong bytes gives a nonsense size and slices garbage. Base is now 4 for the
      prefixed form, 0 otherwise.
      ALSO CLOSED: the block was gated on a valid s.nation, so a pilot browsing the hangar
      BEFORE picking a country got the full catalog, Komet included. The side filter needs a
      nation; the staff restriction does not. It now runs whenever there is either a side to
      filter by or something staff-only to remove.
      Verified on both wire forms: ids [47,48,49,118] -> kept [47,48,49] either way, and under
      the old code the prefixed form did not fire at all.

      PATTERN WORTH REMEMBERING: v327 made prefixed messages routable by normalising sub to 0x00
      so the pl[8] fallbacks fire - but only the handlers that ALREADY had a pl[8] fallback
      benefited. Any handler still testing `sub == X` alone silently stops working the moment
      the client uses the prefixed wrapper for that message. msg 28 (v333) and 0x3a (v334) were
      both this. Still testing `sub == X` with no pl[8] path, and worth auditing next: the two
      other 0x3a handlers (SEND_EXIT_UNRELIABLE reattach, SEND_CAREER_ON_HQ), and anything else
      that greps as `sub == 0x..` without a matching `pl[8] ==`.

==============================================================================

v333: [REGRESSION + MP] Reverted the v332 GAME_DEF plane mask (it CTD'd the client), and
      fixed prefixed damage being silently dropped.

      (1) *** v332 REGRESSION - ARENA PAGE HARD CTD FOR NON-STAFF PILOTS. ***
      v332 hid staff-only aircraft two ways; one of them was wrong. Setting GAME_DEF plane
      record byte 0 to 0x00 crashes the client on the arena page. From the crash dump
      (messages30):
          Exception in Fighter Ace engine: logical error
          Assertion failed (Len==0)
          file ...\GameDef.cpp, line 1902
      That is the GAME_DEF DESERIALISER - a consumption mismatch, the same family as the
      GameDef.cpp:2076 Source.End() assert already noted in the LZ section. NOT the side picker.
      So the v332 reasoning was wrong: byte 0 is not merely a camp bitmask the renderer
      consults, it participates in how the record is PARSED, and 0x00 makes the parser consume
      a different number of bytes and trip a length assert. A purely semantic "no camp" value
      would have greyed the plane out or crashed in the picker - it would not fail a LENGTH
      assertion in the parser.
      The warning sign was there and was missed: apply_plane_teams only ever writes 0x1f or a
      single set bit, NEVER zero, and stock data never contains 0x00 there either. v332
      introduced a value the format does not allow.
      CONCLUSION: byte 0 can select WHICH nations may fly a plane; it cannot express "nobody".
      STAFF_HIDE_VIA_GAMEDEF=False, so the 212 is now byte-identical to v331 for staff and
      non-staff alike. The Me-163B restriction still works, on the 0x3a catalog trim alone -
      which is the game's own designed filter path here (PLANE_FILTER_VIA_CATALOG is True, so
      apply_plane_teams deliberately leaves byte 0 at 0x1f and lets the catalog echo filter).
      TESTING LESSON, recorded because it caused this: v332 was verified live by a pilot WITH
      an @FA tag - which hides nothing and therefore exercises none of the new code. The
      routing logic was tested; that the modified GAME_DEF still PARSES was not. Any future
      change here must be tested on a NON-staff pilot.

      (2) PREFIXED DAMAGE (msg 28 / sub 0x1c) WAS SILENTLY DROPPED - shots that registered on
      the shooter's screen never reached the victim.
      Damage was gated on `sub == 0x1c` alone. For a prefixed message sub is pl[4] (the inner
      bc), which v327 normalises to 0x00 so the pl[8] fallbacks can fire - but damage never had
      one. Every other double-wrapped type (chat 0x14, team 0x44, leave 0x40, delete 0x03,
      0x17, 0x1f) already had a pl[8] fallback; 0x1c was simply missed when v327 went in.
      EVIDENCE (run_20260725_203749 + messages69): ALL41_MAD's hits arrived as
          cmd=0x0542 PFX type=0x82 sub=0x1c len=32
          pl=00170542|01820000|1c0401090102...      <- pl[8]=0x1c, the real sub
      and landed in SUPPLY-CAP, unrecognised. The server logged not ONE damage report from
      ALL41_MAD all session (senders were only MILLHOUSE13, Snoman and Warrior), while
      Warrior's client logged zero "You have been hit" lines.
      TWO parts to the fix, both needed:
        * the guard now also accepts pl[8] == 0x1c
        * the record offsets were HARDCODED to 5 and 7, which are only right for the
          non-prefixed form. In the prefixed form the record sits 4 bytes later. Base 5 on the
          real packet yields victim=0x0082 hunter=0x1c00 - garbage matching no peer - so even
          with the guard fixed the damage would have been attributed to nobody. _dbase is now
          9 for the prefixed form, 5 otherwise. Verified on both real captures: each decodes to
          victim=0x0104 hunter=0x0109, and 0x0109 is ALL41_MAD.

      STILL OPEN from the same session: auto-resupply never fired at all - Warrior landed
      damaged with the engine off and was never repaired, and the run contains ZERO resupply
      activity of any kind (not even an attempt). Not yet investigated.

==============================================================================

v332: [PLANES] STAFF-ONLY AIRFRAMES - the Me-163B is restricted to @HQ / @FA / @HOST pilots.
      It sits at PLANE_ROSTER slot 118 (0x76) and was showing up in the JAPANESE pool, which
      is both historically wrong and not wanted in normal play.
      TWO mechanisms are needed, and they do DIFFERENT jobs - doing only one is not enough:
        (1) GAME_DEF plane-block byte 0 -> 0x00. The gate is FA.exe FUN_00438330,
            flyable(plane,camp) = PLANE.field[0] & (1 << camp), and field[0] is record byte 0
            (stock 0x1f = bits 0..4 = all five camps). Zeroing it leaves no camp bit set, so
            the plane is flyable by NOBODY. Record length is unchanged, so no block growth, no
            MTU pressure, no 'max/used' line, and the LZ pad alignment is untouched.
            apply_plane_hide() runs AFTER apply_plane_teams() because that function rewrites
            byte 0 of every record and would otherwise undo the mask, and it runs
            unconditionally so the restriction holds even where per-team assignment is off.
        (2) The 0x3a catalog echo trim. PLANE_FILTER_VIA_CATALOG is True, which means
            apply_plane_teams deliberately leaves byte 0 at 0x1f and the real per-side filter
            lives in the 0x3a echo - and THAT is what builds the hangar list. So masking byte 0
            alone would leave the Komet visible-but-unselectable; trimming the catalog alone
            would hide it from the list while leaving it flyable by any path that bypasses the
            list. Both together hide it AND block it.
      Decided PER PLAYER at serve time: the GAME_DEF is rebuilt on every arena entry and on
      every on-demand 212, and both senders (send_arenalist_with_gamedefs,
      handle_gamedef_request) already have the session in scope, so hide_planes threads down
      through build_gamedef_212 -> build_lz_gamedef. No per-arena authoring, no client files,
      nothing to distribute - which is what the long-dormant "per-arena plane pool" TODO would
      otherwise have required.
      Tag test is a SUBSTRING match so '@FA' also admits '@FA3' and '@FAVG', and the tag may
      sit anywhere in the name ('Moira@HQ', 'Bopster@FA', '@HOST_Bob'). Verified that
      'HQ_Bob' and 'FAKE@HO' do NOT pass.
      Config: STAFF_ONLY_PLANES / STAFF_PLANE_TAGS. A name in STAFF_ONLY_PLANES that is not in
      PLANE_ROSTER is warned about at startup rather than silently ignored, and the active
      restriction is printed on boot.
      CAVEAT: a pilot RENAMED into a staff tag gains access on their next GAME_DEF serve, and
      one renamed out of it keeps access until then. Re-entering the arena refreshes it.

==============================================================================

v331: [MP] AIR-TO-AIR COLLISIONS ARE NOW RELAYED - msg 125 (0x7d, CollInfoToPlane).
      Reported as "Snoman collides with Warrior, Snoman detects it, Warrior doesn't".
      The server had NO handler for sub=0x7d at all. It fell through to the generic echo
      path - which is why it only ever appeared tagged SUPPLY-CAP - so the sender got its own
      message bounced back and THE OTHER PLANE WAS NEVER TOLD.
      That is survivable only while BOTH clients happen to geometry-detect the same collision,
      because then each kills itself off its own detection. But the two clients see each other
      through interpolated, network-delayed positions, so routinely only ONE decides the hulls
      intersected - and then the detector explodes while the other flies on unaware.
      EVIDENCE: in run_20260725_135341 at 20:13:14 both DID detect (so that particular one
      worked, mutually and correctly - both scored a kill, both were deleted). Warrior's client
      log still shows the defect plainly: exactly one "out 125'23" and exactly one "in 125'23",
      and the one that came back is HIS OWN ("NumberFrom=259" = Warrior's object). Snoman's 125
      never reached him.
      WIRE FORMAT, decoded from that capture against the client's own line
      "Receive CollInfoToPlane. ExitCode=4, NumberTo=258, NumberFrom=259":
          pl[4]    = 0x7d
          pl[7:9]  = NumberTo   u16 LE - the OTHER plane
          pl[9:11] = NumberFrom u16 LE - the sender's own plane
      Warrior sent To=0x0102 From=0x0103; Snoman sent To=0x0103 From=0x0102 - both matching the
      CREATE2/DELETE3 object numbers for that pair exactly.
      FIX: route by NumberTo to that one peer rather than broadcasting - a collision concerns
      exactly two planes - resolving the target with _peer_owning_object() (v326) so it still
      lands if the target has already respawned onto a new Number.
      Verified by replaying both captured packets through the new routing: each is delivered to
      the other player, and in the asymmetric case the non-detecting client now gets told.

      NOTE ON THE SUPPLIED LOGS: messages14.log (labelled Snoman) covers 19:47:42-19:58:16 and
      the collision was at 20:13:14 - it ends 15 minutes early and contains no collision at all.
      Only Warrior's side (messages67) plus the server log were usable here. Diagnosis did not
      need Snoman's client in the end, but for the asymmetric case it would.

      *** UPDATE - Snoman's real log (messages15.log) arrived and PROVES the asymmetric case. ***
      First, a trap: Snoman's client clock runs ~25s BEHIND Warrior's and the server (his
      "20:12:49.150" detection is the server's 20:13:14.272), and the two clients' in-game
      clocks differ by three hours (04:12pm vs 01:13pm). Correlate on the SERVER log, never on
      client timestamps.
      With that aligned there were TWO collisions, not one:
        #1  server ~20:13:14 - BOTH clients geometry-detected it independently, so both died
            and both scored. It worked, but only by luck.
        #2  server ~20:16:22 (Snoman's clock 20:15:57) - ONLY Snoman detected
            ("Detect collision ... with plane Warrior. Dist=6.954231", ExitCode=0, a glancing
            one). Warrior's log at that exact instant contains nothing but
            "You have hit GBR Cdt Snoman (left wing)" - he was shooting, entirely unaware a
            collision had happened. Warrior's whole session contains exactly ONE
            "Detect collision"; Snoman's contains two.
      And the clincher, across both clients and all three receipts: EVERY CollInfoToPlane
      either client received names ITS OWN object as NumberFrom -
            Warrior  NumberTo=258 NumberFrom=259  (Warrior is 0x0103=259)
            Snoman   NumberTo=259 NumberFrom=258  (Snoman  is 0x0102=258)
            Snoman   NumberTo=260 NumberFrom=257  (Snoman  is 0x0101=257)
      so neither ever received the other's 125; each only ever got its own bounced back. That
      is the bug end to end, on both sides.
      Collision #2 through the new routing: Snoman's packet carries To=0x0104, which is
      Warrior's object at that moment, so _peer_owning_object() resolves it to Warrior and the
      relay lands - the case that was silently dropped before.
      Also worth noting for later: #1 carried ExitCode=4 and #2 ExitCode=0, so that field
      likely distinguishes a fatal collision from a glancing one. Not decoded yet; we relay the
      packet verbatim, so the client decides either way.

==============================================================================

v330: [OPS] FIX v329's update pre-flight - it refused pulls that plain `git pull` does fine.
      Alon's first run aborted with "7 uncommitted local change(s)", but six of the seven were
      UNTRACKED ('??') runtime artifacts - __pycache__/, fa_server.db, logs/, nohup.out,
      server.log, ticket.vr1 - which git does not track and which can never block a pull. Only
      ' M ticket_base.vr1' was a real modification. v329 treated any `git status --porcelain`
      output as dirty and bailed.
      The deeper error was doing the check at all: GIT ALREADY MAKES EXACTLY THE RIGHT CALL.
      `git pull --ff-only` refuses cleanly ("Your local changes would be overwritten by merge",
      rc=1, working tree untouched) if an incoming commit would clobber a local edit, and
      otherwise fast-forwards and leaves the edit in place. The pre-flight was both redundant
      and stricter than git, which is why it blocked what Alon had been doing by hand for weeks.
      NOW: untracked files are ignored (counted at DEBUG only); tracked modifications are listed
      for visibility but do NOT abort; git arbitrates. A failing pull is still a hard abort with
      no restart, and its message now points at the file to commit/stash. UPDATE_ALLOW_DIRTY is
      gone - there is nothing left for it to override.
      Verified live on a real repo: untracked junk + an unrelated tracked edit -> pull succeeds,
      code updates, local edit preserved; remote then touches the same edited file -> rc=1,
      abort, no restart, tree left exactly as it was with nothing half-applied.

==============================================================================

v329: [OPS] SELF-UPDATE - `update` console command + an admin button under the console.
      Runs `git pull --ff-only` in the server directory and then restarts. One implementation:
      the web button just queues the same `update` console command, so both entry points share
      a code path and the progress streams to the web console for free (tag UPDATE).

      RESTART BY EXITING, not by systemctl. Calling `systemctl restart <self>` from inside the
      unit's own process is unreliable - systemd stops the unit, killing the process that issued
      the command, and the restart can race - AND it needs root or a sudoers rule. Exiting needs
      NO privileges and behaves identically under systemd, supervisor, docker and NSSM.
      REQUIREMENT: the unit must have a restart policy. systemd:
          Restart=always
          RestartSec=2
      If yours is Restart=on-failure instead, set UPDATE_EXIT_CODE=1 so the exit looks like a
      failure and still triggers a restart. To drive an external restarter instead, set
      UPDATE_RESTART_MODE='command' + UPDATE_RESTART_COMMAND=['sudo','systemctl','restart','...'].

      PRE-FLIGHT CHECKS - it refuses rather than half-updating:
        * not a git work tree            -> abort
        * uncommitted local edits        -> abort, listing them (UPDATE_ALLOW_DIRTY to override).
          A pull onto a dirty tree either refuses halfway or leaves a merge in progress, and the
          server would then restart into a half-updated directory - far worse than not updating.
        * `--ff-only`                    -> never a merge commit, never a conflicted tree; if the
          branches have diverged it fails cleanly and NOTHING restarts
        * HEAD unchanged                 -> already up to date, no restart
      A concurrent second request is ignored (_update_lock, non-blocking).
      Verified end-to-end against a real repo: clean/ahead -> restart; re-run -> no restart;
      dirty tree -> abort; non-repo dir -> abort.

      SAFETY: every subprocess call passes an argv LIST with no shell, so nothing in this path
      can be command-injected; the button is admin-only (same gate as the console box) and the
      requesting admin is named in the log. Timeouts on every git call.

      ALSO FIXED WHILE ADDING THE BUTTON: LOG_CONSOLE_PAGE is a plain (non-raw) triple-quoted
      string, so a `\n` written into its JavaScript becomes a REAL newline at import time and
      breaks the enclosing JS string literal - taking the whole console page's script block with
      it. The confirm() text needs `\\n`. Caught before shipping; worth remembering, the same
      trap applies to any JS added to that page.

==============================================================================

v328: [PERF] Scaling work ahead of large sessions. Two changes, both measured.
      BACKGROUND - profiling the hot paths against the real packet rate from
      run_20260724_073916 (2.94 inbound pkt/s/player) showed raw CPU is NOT the first limit.
      Relay fan-out is O(N^2) WITHIN an arena: 200 players in one arena is ~117,000 UDP
      sends/s and ~57% of one core, but the same 200 across 8 arenas is ~14%. What falls over
      first is disk I/O and thread pressure, not arithmetic.

      (1) FILE LOG LEVEL NOW DEFAULTS TO INFO (was DEBUG).
      DEBUG writes a line per packet, SYNCHRONOUSLY, on the packet path - 55 MB for a single
      8-player session, and since packet volume is O(N^2) the write volume grows faster than
      linearly. Added fa_logging.set_file_level() + get_levels(), and the console command is
      now `loglevel console|file <LEVEL>` (bare `loglevel` reports both). So per-packet detail
      is one command away for a reproduction run, with no restart, and back off afterwards.
      The WARNING+ error file is deliberately NOT retunable - failures are always captured.
      Worth knowing: the ring buffer feeding the WEB live console is populated BEFORE handler
      filtering, so the on-screen console still shows DEBUG lines while the file sits at INFO -
      live visibility is kept without paying the disk cost.
      TRADE-OFF, stated plainly: at INFO you lose the RX/REL/PL hex dumps, TX/RELIABLE traces
      and RELAY lines - exactly the material that solved v315, v324 and v327. Turn DEBUG back
      on for small reproduction runs.

      (2) THE POST-AUTH DISPATCH LOOP IS EVENT-DRIVEN INSTEAD OF POLLING.
      It used to run `while not s.closing: <drain>; time.sleep(0.02)` - waking 50x/second per
      session whether or not anything had arrived. Measured at 200 sessions: ~9,955 wakeups/s
      and 8.8% of a core with ZERO traffic. It now waits on a per-session Event, signalled by
      the RX path when a command is queued: ~388 wakeups/s and 3.6% at the same 200 sessions.
      A plain Event is used ON PURPOSE rather than a Condition on s._lock: it shares no lock
      with anything else, so it cannot deadlock against the four existing `with s._lock:` sites.
      ORDER IS wait -> clear -> drain. Clearing BEFORE draining means a command queued in the
      gap is still caught by that same drain, and one landing after it leaves the event set so
      the next pass wakes immediately - a command can never be stranded, the worst case being
      one harmless empty wakeup. The 0.5s timeout is only a backstop bounding how long
      s.closing goes unnoticed at shutdown.
      Latency IMPROVES: a queued command now wakes the thread immediately instead of waiting
      out the rest of a 20ms sleep.
      VERIFIED: 41,000 messages across 1 / 8 / 200 concurrent producers, zero lost, zero
      duplicated.

      NOT DONE, deliberately: the thread-per-recipient broadcast pattern (one OS thread per
      recipient per chat line - 200 threads and ~23ms at 200 players) is still there. It wants
      a small worker pool, which is a bigger change than these two and was left for its own
      pass. Arena population is NOT capped, per Alon - the game itself handles 300+, so the
      scaling answer there is a separate high-capacity arena server rather than a limit.

==============================================================================

v327: [MP] *** PREFIXED MESSAGES SOLVED - AND PLAYER CHAT WAS BEING SILENTLY DROPPED. ***
      The 257-per-peak-window "PREFIXED message we are NOT re-framing" notes are gone, and the
      cause turned out to be much more mundane - and more damaging - than a framing mystery.

      LAYOUT, now PROVEN on 100+ real samples (not inferred):
          pl[0]   = 0x00              always
          pl[1]   = per-session message counter
          pl[2:4] = cmd, BE u16       non-zero == this is the prefixed form
          pl[4:]  = a NORMAL appspace frame [bc][T][00][00][sub][payload]
                    with Size = bc*16 + (T>>4) == the real payload length, on every sample.
      (So POST-AUTH's "type=0x.." on these lines was never a type - it is pl[1], the counter.)
      Confirmed from the client side too: the game hands raw buffers to vcncSendMessage()
      (ConductorInterface.cpp, FUN_007e6f60 -> FUN_007e6180), so the 4-byte prefix is VNET
      transport framing, not something the game builds.

      THE ACTUAL BUG: the real sub sits at pl[8], and almost every handler ALREADY reads pl[8]
      for exactly this shape - the "type-scan double-wrap" fallbacks for chat 0x14, team-select
      0x44, leave 0x40, delete 0x03, 0x17, 0x1f, plus the whole scan-inner block. They were just
      gated on `sub == 0x00`. For a prefixed message sub = pl[4] = the inner bc, and bc is 0 only
      while the payload is <= 15 bytes. So SHORT messages were delivered and LONGER ONES WERE
      SILENTLY DISCARDED. Measured on real chat from the run:
          "~S~"                             bc=0  -> delivered
          "hey Butterz ~S~"                 bc=1  -> DROPPED
          "Good to see old names back in"   bc=2  -> DROPPED
          "Yeah, LOL, been doing that ..."  bc=3  -> DROPPED
      Named chat (0xcd) always worked only because its branch tests pl[8] without consulting sub
      at all - which is exactly why nobody spotted that plain chat had a length cliff.
      Real messages lost in run_20260724_073916 include "Good to see old names back in",
      "hey Butterz ~S~", "Moira@HQ: Hi guys" and "Taurus: Hiya Warrior".

      FIX (PREFIXED_NORMALISE_SUB): for a prefixed message, normalise sub to 0x00 so those
      existing, already-correct pl[8] handlers fire for a payload of ANY length. Deliberately
      NOT a blanket re-frame: the bytes are untouched, so nothing that reads fixed pl[..]
      offsets can shift underneath it, and any sub with no handler stays ignored exactly as
      before. The delete-notify (pl[8]==0x03) keeps its existing proven re-frame path.
      SAFETY - the v246 worry was that switching these on would fire something dangerous (one
      decodes to 0xd4 = LEAVE). It cannot: the blanket echo fall-through is inside `if cmd == 0:`
      (line ~11298) and every pl[8] handler sits BEFORE it, so a prefixed message can reach a
      handler but can never reach the echo. Verified by replaying real captured payloads through
      the dispatch chain: long chat recovered, and every message type that already worked routes
      to exactly the same place as before.
===========================
v326: [MP] PEER DELETES FOR A JUST-RESPAWNED PLANE WERE SWALLOWED, AND THE RE-ARM WITH THEM.
      Second bug found while opening the PREFIXED delete-notify task, and independent of it.
      The delete-notify ownership lookup compared `_onum` against each peer's CURRENT
      my_obj_number only. A peer that had respawned since the delete was sent no longer matched,
      so the message was logged "neither its own nor any peer's" and dropped.
      The DROP is harmless on its own - that object really is gone. What is NOT harmless is that
      the same branch performs the `_created_peers.discard(sender)` RE-ARM, which is what makes
      the telemetry relay re-create that peer's plane for the sender. Miss the lookup and the
      re-arm never happens, so THE SENDER NEVER SEES THAT PEER AGAIN. That is "players not
      seeing each other", by a different route from v324.
      These are all from run_20260724_073916, and every one carries a REAL Number, not garbage:
          02:32:45  ALL41_MAD  delete for 0x0107  (Snoman's, freed 28s earlier)
          02:50:29  Taurus     delete for 0x0105  (Sparky's)
          02:50:30  Warrior    delete for 0x0105  (Sparky's)
          02:48:26  Warrior    delete for 0x0101
      FIX: each session now keeps a bounded history of every Number it has worn
      (_obj_number_history, last 16, stamped with issue time), and _peer_owning_object() falls
      back to it when no current Number matches. The grace window is set EQUAL to
      OBJ_NUMBER_QUARANTINE_SEC, so a historical hit is provably unambiguous - inside that window
      v324 guarantees the Number cannot have been re-issued to anyone else, and outside it we
      decline to guess. Resolutions via history are tagged in the log.

      THE PREFIXED DELETE-NOTIFY TASK ITSELF IS STILL OPEN. What is established so far:
        * `cmd` is a BIG-ENDIAN u16 at pl[2:4] (parser: struct.unpack_from('>H', pl, 2)).
          cmd == 0 is the normal case; cmd != 0 means a 4-byte prefix sits in front of the real
          reliable frame, so the real [bc][T][00][00][sub] starts at offset 4.
        * pl[0:2] looks like a monotonic per-connection counter - observed 0x0000, 0x0003,
          0x0005, 0x0007, 0x0008, 0x000a, 0x000d, 0x0014, 0x0015, 0x001b, 0x001d, 0x001e,
          0x001f, 0x0025 across one session.
        * handle_post_auth re-frames ONLY when pl[8] == 0x03 (delete-notify). Every other
          prefixed message is logged and dropped - 257 in the peak window alone.
        * Blanket re-framing is NOT safe: one of the currently-ignored subs decodes to 0xd4 =
          LEAVE (noted in v246), so switching them all on at once would break the lobby.
      WHAT IS NEEDED: the actual byte layout, from either (a) the RX/REL/PL hex that already sits
      two lines below each REFRAME line in the run log, or (b) the client's reliable send path in
      Ghidra. Only two hand-written examples exist in the v246 comment and they disagree about
      whether pl[2:4] mirrors the inner [bc][T], so this must be settled on real data rather than
      inferred.
===========================
v325: [DOC] Two long-standing items closed - one fixed, one that was never a bug.
      * REMOTE NAME-TAG BUG: fixed (confirmed by Alon). Tags now show the pilot name rather
        than the aircraft type.
      * KILLS / DEATHS / PLANES-LOST BLANK ON THE SCOREBOARD: **not a server bug at all.** The
        arena simply did not have "scoring enabled" ticked; with it on, the global stats list
        correctly in game. The v221/v226 notes claiming these needed their own authoritative
        setter via score-object methods FUN_004269a0 / FUN_00428360 ("deeper RE - scope before
        committing") were WRONG and have been corrected in place, because that guess would have
        sent the next session on a long and pointless hunt.
        NOTE the distinction, which still holds: the per-life "Current Life / Current Game" HUD
        counters ARE genuinely client-computed and unreachable server-side (v233). It is the
        HQ Scores career columns that were only ever gated on the arena flag.
      NEW TODO raised by this: that flag is a GAME_DEF PRE-BLOCK setting and is NOT exposed in
      the web arena editor (which wires only the 9 post-block float fields plus the EvP
      sliders), so an arena can silently ship with scoring off. Suggested approach needs no RE -
      diff two GAME_DEF blobs from the same terrain, one with scoring ticked and one without.
===========================
v324: [MP] **THE 8-PLAYER BUG** - object Numbers were recycled immediately and LIFO, so two
      players could end up wearing each other's object Number. This is the cause of both
      "hits not registering on remote players" and "players not seeing each other".
      PROVEN in run_20260724_073916:
          02:15:38  DELETE3 Snoman     ONumber=0x0107 (death)
          02:16:08  CREATE2 Thndrstorm ONumber=0x0107     <- Snoman's Number, 30s later
          02:19:57  DELETE3 Thndrstorm ONumber=0x0107 (death)
          02:19:57  DELETE3 Snoman     ONumber=0x0106 (death)
          02:20:05  CREATE2 Thndrstorm ONumber=0x0106     <- the two players SWAPPED
          02:20:05  CREATE2 Snoman     ONumber=0x0107
      0x0102 alone was worn by Kindschi, _Butterz_, Taurus, VIPER and Sparky within 40 minutes.
      free_obj_number() appended and next_obj_number() popped from the END, so the Number freed
      by the LAST death went to the NEXT spawn - precisely the object a peer most recently had.
      A peer holding the stale mapping then has the wrong aircraft under that Number, and since
      damage is attributed BY OBJECT NUMBER, hits land on the wrong plane or on nothing.
      Invisible with 2 testers (deaths rare and well separated); at 8 players with 119 deaths /
      89 kills in one run, Numbers turn over in seconds.
      FIX: FIFO instead of LIFO, plus OBJ_NUMBER_QUARANTINE_SEC (300s) before a freed Number may
      be re-issued. Recycling is kept only as an exhaustion safety net - 0x0100..0xFFFF is 65,280
      Numbers, hundreds of sessions' worth. Verified: 200 rapid death/respawn cycles across 8
      players produce 200 distinct Numbers and zero live collisions.

      ALSO FIXED THIS ROUND:
        - assign_player_slot() race (v323): read-then-assign is now atomic under `sl`.
          NOTE: the log shows this did NOT fire on 24 Jul (all 73 assignments were minutes
          apart) - it is a real bug, just not the one that bit.
        - free_client_number() was CALLED but never DEFINED; 22 reaps logged
          "cleanup error: name 'free_client_number' is not defined". Harmless in itself (last
          statement in both try-blocks) but it was MASKING any genuine cleanup failure behind
          the same bare except. Now defined.
        - STALL-WATCH false alarms: 715 warnings (1415 lines, 3rd-largest tag) all had
          pending_tx=0 and clustered at 10.0-13.7s, i.e. the client's normal ~11.5s reliable
          cadence sitting just above the old 10s threshold. Threshold -> 20s AND pending_tx>0
          is now required. Replayed against the real warnings: 715 -> 0.

      RULED OUT: msg 212 GAME_DEF framing. Zero MISALIGNED lines in the whole run, so the LZ
      comment-pad is holding the bc*16+1 grid correctly.

      STILL OPEN - the empty plane-selection menu after exiting. The remaining suspect is the
      PREFIXED delete-notify path: 257 REFRAME [note] "NOT re-framing" lines in the peak window
      alone, and when we DON'T re-frame we mis-read the ONumber (the re-framed ones say "was
      mis-read as ONumber 0x0032") and then swallow it -
          PEERDEL <pilot> sent a delete for object 0x0032 which is neither its own nor any
                  peer's -> swallow
      so those peer deletes are silently dropped and ghost planes stay in the world. Needs the
      0x0542 / 0x0312 prefixed forms decoded properly rather than pattern-matched.
===========================
v323: [MP] RACE FIX in assign_player_slot - two players joining at the same instant could be
      given the SAME PlayerIndex. The function read the peer list under `sl`, RELEASED the
      lock, and only then computed and stored its index, so concurrent joiners saw an
      identical peer set and both claimed the same free slot. The whole read-then-assign is
      now atomic (peer scan inlined, since `sl` is a plain Lock and calling
      get_sessions_in_room() under it would self-deadlock).
      WHY IT SURFACED NOW: with two testers joining one at a time the window basically never
      opened. With 8 people clicking Fly together it becomes likely - and a duplicated
      PlayerIndex is exactly the failure this function's own docstring describes: each
      client's peer lookup for that index resolves to the wrong session or to null, so
      remote planes never appear and damage attributed by index lands on the wrong plane or
      nowhere. That matches the 8-player report of "players not seeing each other" and "hits
      not registering on remote players".
      STILL TO CONFIRM from run_20260724_073916.log: duplicate PlayerIndex values in the
      'ROOM ... slot ClientNumber=N PlayerIndex=N' lines for one room would prove it.
      SEPARATE, ALSO OPEN: the empty plane-selection menu after exiting. build_gamedef_212
      already pads the LZ stream so the 212 payload lands on the bc*16+1 grid and logs
      ALIGNED / MISALIGNED! - any MISALIGNED line in that run is the plane-menu bug, because
      the client would then decompress past the end of the GAME_DEF into stale buffer.
      (Note build_appspace_pkt_exact is NOT exact from the client's point of view: it skips
      the padding but still hardcodes T=0x12, so the client computes bc*16+1 regardless.
      build_ingame_pkt is the truly exact framer.)
      ALSO SPOTTED, unrelated: free_client_number() is CALLED in the kick path but is never
      DEFINED anywhere - any kick raises NameError into the 'kick cleanup error' handler.
===========================
v322: [WEB] Health watchdog goes quiet. The check is UNCHANGED (every 30s, 10s timeout, two
      consecutive bad checks before a restart) but it no longer logs while healthy - no startup
      ping, no per-check heartbeat, no periodic pulse. It speaks only when a failure actually
      causes a restart, and the restart line carries the buffered reasons for the checks that
      triggered it so nothing diagnostic is lost. Detail in web_server.py's changelog.
      No change to this file beyond the banner; the version is bumped so a run log's banner
      still identifies the server.py + web_server.py pair that served it.
===========================
v321: [WEB] Admin "Logs" tab - browse, tail and download the server's logs from the browser,
      without opening a session on the VM. LOG_DIR is now a named constant (it was computed
      inline inside the init_logging() call, so the web server had no way to find it) and is
      injected into start_web_server. All the endpoint and path-safety detail is in
      web_server.py's changelog; the short version is that the client only ever supplies a
      bare filename, four independent checks guard the path, downloads stream, and the file
      list is filtered through the same guard as the download so it can never show an entry
      that would 404.
      NOTE: this file was renamed "fa with web server.py" -> "server.py". Nothing referenced
      the old name - every path is derived from __file__ - so the rename is inert.
===========================
v320: STABLE BUILD FOR DEPLOYMENT. No new decoding - this banks the arena-panel and web-admin
      work from v309-v318 after each piece was confirmed live by Alon.

      SHIPPING AND PROVEN THIS CYCLE:
        - MODERATOR PLANE-DESTROY (v309-v311): crumblep / killp / ejectp, both the compact
          0x7f and by-name 0x80 wire forms, with the death-effect exit enabled (0x53 explosion
          for crumblep/killp, 0x50 bailout for ejectp). Confirmed end-to-end incl. self-target.
          Semantics match the official FA 3.6 Sysop doc: punitive removal, no auto-respawn,
          and ejectp correctly does NOT register a death.
        - WEB SERVER STABILITY: ThreadingHTTPServer + a health watchdog that GETs
          127.0.0.1:80/login every 30s and rebuilds the web server after two 10s failures.
          Fixes the "stops responding after a few hours" wedge (one stalled request used to
          block the single serial accept loop).
        - ARENA LIST PLAYER COUNTS (v312/v313): every row now shows its count, not just the
          selected arena, and a population watcher pushes live updates to lobby spectators.
        - DISPLAY PILOTS (v314-v316): implemented as msg 224 - proven from FA.exe, not guessed.
          Confirmed working by Alon in messages20 (every "out 224'5" answered).
        - THE bc*16+1 LENGTH RULE (v315): the client takes a message's length from the appspace
          framing, NOT from the bytes we send. Any payload whose true length is not == 1 (mod 16)
          makes it read stale buffer. This is now an explicit invariant; it was the root cause
          of the Display Pilots garbage/blank lines and is the prime suspect for the remaining
          client-side parse-error flood (see TODO).
        - UNASSIGNED PILOTS COUNT AS NU/NEUTRAL (camp 7), which keeps the arena total truthful
          without misreporting anyone as US.
        - WEB ADMIN (v317/v318): console command box wired to the same queue the server terminal
          feeds; account + pilot rename across every referencing table; manual pilot creation
          allowing @HQ / @FA / @INSTRUCTOR / @HELP and @ * # ! and spaces; admin page split into
          User Management (Users | Pilot Stats) and Arenas tabs with per-panel filtering.

      FLAG STATE FOR THIS BUILD (all deliberate):
        MOD_DESTROY_USE_EFFECT = True          death effects on
        SEND_ALL_ARENA_COUNTS = True           per-arena counts + live push on
        ARENA_COUNT_INCLUDE_UNASSIGNED = True  side-less pilots counted...
        ARENA_UNASSIGNED_CAMP = 7              ...as NU/Neutral
        ARENA_ROSTER_ENABLE = False            msg 213 stays counts-only (its trailing strings
                                               feed the Arena Action box, NOT Display Pilots)

      KNOWN OPEN (see the TODO list below, none of it blocking):
        - the client-side "Wrong char N, pos 1" parse-error flood
        - nofuelp (needs a fuel-drain mechanism, not a delete)
        - the sysop roster section (camp=-2)
        - optional: ejectp could deploy a parachute for full fidelity
===========================
v317: [WEB] Admin console command box, account/pilot rename, manual pilot create.
      * CONSOLE INPUT: console_handler no longer reads stdin inline. stdin is pumped by its own
        thread into a shared queue (_CONSOLE_Q) that console_handler consumes, so the web admin
        console can inject commands via queue_console_command() and have them run immediately
        instead of waiting for someone to type on the terminal. The whole command if/elif body
        is untouched, so every command behaves identically from either source. Output already
        flows through log('CONSOLE', ...) which the web console streams, so no output-capture
        plumbing was needed; web-submitted lines are echoed as "[web] > <cmd>".
      * RENAME: /admin/rename_account and /admin/rename_pilot. Renames are done across EVERY
        table that stores the name (accounts, pilots, room_players, rooms.account_name and
        rooms.creator_pilot) inside one transaction, because the DB has no foreign keys and a
        partial rename would orphan stats and arenas.
        ACCOUNT RENAME CAVEAT (surfaced in the UI): the player_id is random and is NOT derived
        from the name, so the pid survives a rename - but the account NAME is embedded in the
        .vr1 ticket, and SYN identifies by that name first (db_upsert_account would then
        re-create the OLD account). So the ticket MUST be re-downloaded after a rename.
      * PILOT NAMES: there was NO server-side character validation at all - the restriction is
        the client's own name-entry box. The web admin can therefore create/rename pilots to the
        reserved-looking names Alon needs (@HQ, @FA, @INSTRUCTOR, @HELP) and anything else using
        @ * # ! and spaces. _valid_pilot_name() accepts printable ASCII 0x20-0x7e up to 31 chars
        and rejects only control bytes, non-ASCII, empty/whitespace-only names and duplicates -
        31 is the wire limit the name fields use, and NUL is the terminator in every name field.
v316: [UI] TWO ARENA-PANEL BUGS, both caught in run_20260724_094524 + messages19.log.
      (1) DISPLAY PILOTS EMPTY AFTER JOINING A TEAM - the popup request was being SWALLOWED.
      A pre-existing branch handled type=0x52 sub=0xe0 as "EnterArena phase 1", logged
      "accepted" and returned, sitting AHEAD of v314's handle_224_request in the same chain,
      so the DIRECT form never reached it; only the compound-wrapped form worked. That is
      exactly why it looked intermittent - four "out 224'5" in messages19 got no reply at
      09:46:43, 09:46:48, 09:47:35 and 09:47:37, each matching an "EnterArena ... accepted"
      line. The EnterArena label was a MISIDENTIFICATION (a 0xe0 often precedes
      SendEnterToGame simply because the user opens Display Pilots and then clicks Join):
      FA.exe shows the ONLY caller of the 0xe0 sender FUN_004f0a70 is FUN_006b0e90, the
      members-dialog constructor. sub=0xe0 now routes to handle_224_request.
      (2) TOTAL DROPPING TO 0 - handle_213_request carried its OWN inline per-camp tally that
      predated v315 and ignored ARENA_UNASSIGNED_CAMP, so a side-less pilot was counted in no
      camp and the on-demand reply said 0 while the poll loop said 1 in NU. Clicking an arena
      therefore overwrote the correct live row with zero:
          09:46:25 ARENA213 counts=[0,0,0,0,0,0,0,1]   <- poll loop, right
          09:46:29 ARENA213 counts=[0,0,0,0,0,0,0,0] ... "1 players"  <- on-demand, wrong
      Both paths now share _room_nation_counts. The real defect was two implementations of
      one tally; there is now one.
v315: [WIRE] THE bc*16+1 LENGTH RULE - fixes the Display Pilots garbage/blank lines, and
      unassigned pilots now count as NU/Neutral.
      (1) ROOT CAUSE of the junk entries: the client takes a message's length from the
      appspace framing as bc*16+1, NOT from the number of bytes we actually send. Proven in
      messages18.log: our 21-byte counts-only 213 was logged by the client as "in 213'33",
      and our 14-byte 224 reply as "in 224'17". So it read 12 / 3 bytes of stale receive
      buffer past our data - zero residue produced BLANK lines, leftover text produced
      uninitialised names. Every message that already worked (210'225, 212'625/657/769, and
      v313's roster 213'33) was ALREADY == 1 mod 16, which is why only these two broke.
      INVARIANT, now enforced: any appspace payload must satisfy len % 16 == 1 so that the
      true length and bc*16+1 are the same number.
        * msg 224: pad the LAST name with trailing spaces (invisible in a list box) onto the
          grid. Budget and pointer advance identically here, so length ==
          budget-after-last-record and the loop exits without scanning past us. An EMPTY
          arena is now not answered at all - 5 bytes cannot be aligned and any filler would
          render as a blank pilot; the popup builds its list box empty each time it opens,
          so silence is the correct empty state.
        * msg 213 counts-only: pad 21 -> 33 with ONE filler record engineered to be
          REJECTED. With F filler bytes ending in NUL the scan sees strlen=F-1, so the
          budget reaches 0x15+F+2 > the declared 0x15+F and `jg` exits before appending
          anything. Counts still parse (the handler reads them from fixed offsets 5..0x13
          regardless of length).
      Verified by emulating both parse loops against realistic buffer residue: the old
      packets yield '' blank entries and '\x03Warri' garbage, the new ones are clean.
      (2) ARENA_COUNT_INCLUDE_UNASSIGNED back to True but into camp 7 (ARENA_UNASSIGNED_CAMP)
      = NU/Neutral, per Alon: that is what a side-less pilot actually IS, so the per-camp
      breakdown stays truthful AND the arena total stops omitting them. GAME_DEF confirms
      the mapping ("ccn 7 NU NEU Neutral"); camps 5/6 are unused. This supersedes v312's
      camp-0/US bucketing and v314's count-them-nowhere.
v314: [UI] "DISPLAY PILOTS" POPUP IMPLEMENTED - it is msg 224, NOT msg 213.
      v313 was half right: the 213 trailing strings ARE a pilot list, but they feed the
      ARENA ACTION box (confirmed live - the names showed up there). The popup is a
      separate request/reply we were never answering. messages17.log shows exactly one
      unexplained outbound on the button click: "out 224'5".
      PROVEN: opening the popup builds Arenas_dlg.cpp's members dialog (FUN_006b0e90 ->
      MEMBERS_LIST_BOX, subscribes to observer list 0xbfe9e4) and calls FUN_004f0a70(gidx),
      which is literally { buf[0]=0xe0; *(u32*)(buf+1)=GameIndex; send(buf,5); }. The
      inbound-224 handler (dispatch 0xc81ed8 + 224*4 -> LAB_004eed70, undefined in Ghidra -
      disassembled straight out of FA.exe with capstone) parses:
          [0]=0xe0  [1..4]=GameIndex (u32, `test/jle` -> must be > 0)  then per pilot:
          [1 prefix byte][name\0]
      Budget starts at 5 and advances strlen+2 per record while the pointer advances
      1+(strlen+1) - they MATCH, so unlike 213 the declared length is just the true length
      (no slack, no name padding). The popup's receiver (0x006adc00) does
      `mov edx,[ecx+0x334]; cmp eax,edx; jne skip`, so the reply MUST echo the requested
      GameIndex or it is discarded. Empty arena = 5 bytes, record loop skipped.
      Added build_arena_members_224 + handle_224_request, wired on sub=0xe0 in BOTH the
      direct and compound dispatch paths. Verified by emulating the handler over 6 roster
      shapes incl. empty and a deliberate GameIndex mismatch.
      ALSO: ARENA_ROSTER_ENABLE -> False, so 213 goes back to counts-only and stops
      spamming pilot names into the Arena Action box.
      ALSO: ARENA_COUNT_INCLUDE_UNASSIGNED -> False. Bucketing side-less players into camp
      0 made every joiner show as US in the per-camp counter. The client's row total is
      sum(8 camps), so there is NO way to count an unassigned player without putting them
      in some camp; camp accuracy wins, and the total now omits them for the few seconds
      between entering an arena and picking a country.
v313: [UI] "DISPLAY PILOTS" ROSTER IMPLEMENTED (the window was always empty).
      ROOT CAUSE: msg 213's trailing NUL-strings ARE the arena pilot list - the earlier note in
      build_arena_players_213 claiming they were "Combat Action" lines was WRONG. FUN_004ef6e0
      fires TWO events: GameIndex+8 counts -> PTR_LOOP_00bfe964 (RECEIVER<EVENT_PLAYERS_CAMPS_
      COUNT>) and the string list -> PTR_LOOP_00bfe96c (RECEIVER<EVENT_ARENA_PILOTS>), whose only
      subscriber is Arenas_dlg.cpp (FUN_006b1270 - the dialog that owns SHOW_PILOTS_BUTTON). We
      had been suppressing exactly the section that fills the window.
      WIRE FORMAT (disassembly 0x4ef7a0..0x4ef822, not guesswork):
          budget starts 0x15; per record: budget += strlen+1+2 ; if budget > length -> REJECT
          record; pointer += strlen+1 (records are CONTIGUOUS [name\0]); loop while budget<length.
      So the declared length must exceed the bytes occupied by 2 PER RECORD or trailing names are
      dropped, and at length >= budget+3 the client scans PAST the data and appends a phantom
      empty pilot - that is the old "player names + corrupt strings" bug. The safe point is
      length == budget-after-last-record EXACTLY (the trailing while() is then false, so the
      client never scans past us):  L = 0x15 + sum(len(name)+3), emitted as header + [name\0]
      records + 2*N zero bytes of slack. L is forced to L%16==1 by padding the LAST name with
      trailing spaces (invisible in a list control) so the true wire length and the client's
      bc*16+1 framing agree. Verified by emulating the parse loop over 6 roster shapes.
      Flags ARENA_ROSTER_ENABLE / ARENA_ROSTER_MAX(40). Counts-only stays exactly 21 bytes so
      the client's `if (length <= 0x15)` gate skips the string loop.
      ALSO: broadcast_arena_count() now carries the roster, not just counts - EVENT_ARENA_PILOTS
      is re-broadcast on EVERY 213 and carries NO GameIndex, so a counts-only live push would
      blank an open Display Pilots window every few seconds.
v312: [UI] ARENA-LIST PLAYER COUNTS for ALL arenas (were 0 until an arena was selected).
      ROOT CAUSE (proven in Ghidra, not guessed): the 0xd2 list record has no count field -
      the count is delivered by msg 213. Handler FUN_004ef6e0 packs [GameIndex][8 x u16] and
      broadcasts to observer list PTR_LOOP_00bfe964; the Arenas_dlg.cpp observer FUN_006af720
      sums the 8 camps and calls FUN_0076c080 + FUN_006acdb0 with (GameIndex, total) WITHOUT
      any selection check - only the per-camp detail panel (FUN_006ae7c0 -> controls
      ARENA_CAMP_PLAYERS_1..8) is gated on the selected row. FUN_006acdb0 resolves the row via
      FUN_005d26b0(GameIndex) and writes COLUMN 4 of that row. So the client happily fills in
      ANY arena's count on receipt of a 213 for its GameIndex; we were only ever sending one -
      the on-demand reply for the arena the user clicked.
      FIX: send_all_arena_counts() pushes one 213 per arena immediately AFTER the 0xd2 list
      (ordering is mandatory: FUN_005d26b0 scans EXISTING rows and silently drops -1 if the
      row isn't created yet). Flag SEND_ALL_ARENA_COUNTS to disable.
      Also ARENA_COUNT_INCLUDE_UNASSIGNED (default True): a player in an arena who hasn't
      picked a side has nation=None and was counted in NO camp, so the row total (sum of the
      8 camps) read 0 even with people in the arena; they're now bucketed into camp 0 so the
      list total is truthful. Trade-off: the detail panel attributes them to camp 0 until
      they choose. Set False for strict per-camp accuracy.
      NOT YET DONE: live refresh while sitting in the lobby (push 213 to OTHER rooms'
      spectators on join/leave) - counts currently refresh when the list is (re)served.
v311: [MOD] Enabled the DEATH-EFFECT exit form for plane-destroy (MOD_DESTROY_USE_EFFECT=True).
      v310's silent delete was proven clean end-to-end (run_20260723_021655: 'killp ... obj 0x0100
      -> 1 client(s) [SELF-TARGET] [silent]'; client logged 'Server require delete object 256 ...
      DelObject bsr=1' - clean server delete, no desync, no CTD). Now crumblep/killp send exit 0x53
      (MEC5|EEC3 shot-down = explosion) and ejectp sends 0x50 (bailout). Entry-tail sizing verified
      against EXIT_EEC_ENTRY_SIZE (0x53->12B, 0x50->3B) so the peer parse loop cannot desync; an
      unknown EEC still falls back to the silent delete. Hunter field is zeroed (a moderator kill
      has no attributable shooter).
v310: [MOD] Wired the by-name 0x80 destroy form (80 <sub> <name[32]>) in addition to the compact
      0x7f. The client sends 0x80 when it cannot resolve the target locally (e.g. self-target, since
      its resolver excludes the sender); the server owns the full roster and resolves the name,
      which makes crumblep/killp/ejectp self-testable with a single client. _session_by_pilot_name
      (case-insensitive). Self-target tagged [SELF-TARGET] in the log.
      NOTE: the plane-selection-menu corruption after exiting is a SEPARATE PRE-EXISTING bug, NOT
      caused by destroy - the 'Wrong char 11' parse errors fire on JOIN / HQ-catalog (the 0x3a
      'REFRAME ... NOT re-framing' path), 18s BEFORE the killp in the same session. Filed for later.
v309: [MOD] PLANE-DESTROY ENACTED (crumblep/killp/ejectp). The 2-client capture run_20260722_223331
      settled the outbound question: the moderator's client, WHEN it resolves the target locally,
      sends the COMPACT form 'out 127'4' = type 0x42 + [7F <player_index:u16 LE> <sub>] (sub 01
      crumble / 02 nofuel / 03 eject / 04 kill). Self-tests always fell to the by-name 0x80 form
      because a client cannot resolve itself; with a real 2nd player the 0x7f form appears. The
      server was RECEIVING it and only logging it (relay-only) - that was the whole 'crumblep does
      nothing'. Now enact_plane_destroy() resolves player_index -> session -> my_obj_number and
      sends the proven type-3 object delete (build_delete_object_3, the same primitive a real
      kill/bail/para-land uses, client logs it as 'Server require delete object N') to the victim
      and every peer. CONSERVATIVE default: silent delete (no exit-entry tail -> cannot desync the
      peer parse loop). MOD_DESTROY_USE_EFFECT flips to the explosion/bail exit form (0x53/0x50)
      once the basic relay is confirmed. nofuelp is a fuel-drain (no type-3 form) - logged, not yet
      wired. NOTE: the 'Unsupported message 8' errors in the client log are UNRELATED (idle-time
      stray path, not the destroy relay - confirmed by timing).
v300: STABLE BUILD FOR DEPLOYMENT. No new decoding - this banks the working supply/repair layer
      and puts the unfinished TC economy work behind flags so it cannot destabilise testing.

      SHIPPING AND PROVEN:
        - auto-resupply/repair on engine-off at a field (AUTO_RESUPPLY, msg 60 grant)
        - the 60s production step with per-scene stores, seeded from the arena's own
          [TC] InitialStorage percent (v292)
        - destroyed scenes lose their stored supplies immediately (v291) - measured live: killing
          one GER fuel factory cost 15000 stored fuel at once plus 1000 fuel/min thereafter,
          exactly the RESOURCE_PRODUCER_DEF rate
        - scene damage/condition display via msg 69 (v295/v296): record layout [u16 id][u8 value],
          the byte landing in obj+0x30. This is the one economy-adjacent message that visibly
          works, and it is left ON
        - msg 30 scene-state destroy (v290), room persistence, arena management, web admin

      GATED OFF - decoded and correctly framed, but produces no visible effect yet:
        - SEND_PRODUCTION_40 (msg 40, per-camp production complex). Accepted by the client at the
          right size, changes nothing on screen. Off by default so we are not shipping a
          once-a-minute broadcast per camp for no benefit; the `production` console command still
          works for testing.
        - msg 42 snapshot and msg 71 SCENE_TAG_PRODUCTION INFO remain console-only (`snapshot`,
          `prodinfo`) and are never sent automatically.

      REVERTED: TC_DEFAULTS get_fuel_when_lim_fuel 77 -> 50. The 77 was a wire-alignment probe and
      it did its job (the client echoed 77, proving our GAME_DEF walk is correct); 50 is the real
      value and should not ship as 77.

      OPEN, for the next session: the Production Complex / Single Scene Data panels are still
      blank. msgs 42, 40 and 71 are all accepted by the client without complaint and none of them
      draws anything, so the blocker is not a missing message. The last probe attempt was
      inconclusive - fa_probescan.py reported NOT SENT, meaning the marker bytes never reached the
      client, which needs the PROD71 server log line to diagnose (see notes at the console command).

v299: [TC] msg 71 probe markers made HIGH-ENTROPY - v298's were consecutive integers and the
      memory scan matched noise. A=(111,112,113) is 6f,70,71, which occurs inside ANY ascending
      index array; the first scan reported 224 'hits' for A and the node dump showed a plain
      counter 5f,60,61,62... The 'wire path works' conclusion drawn from it was unfounded.
      New markers carry a per-array tag in the high bytes so a 12-byte triple is effectively
      unique. C/E/H are BYTES on the wire (max 255) so they keep small values, but note the
      client widens them: FUN_0048e910 writes every array as DWORDS into the node, 12 bytes
      apart, so in memory all nine are u32 triples at
          node+0x40 A, +0x4c B, +0x58 C, +0x64 D, +0x70 E, +0x7c F, +0x88 G, +0x94 H, +0xa0 I
      That fixed stride is what makes the search decisive: fa_memdump --findprobe now requires
      ALL NINE families at their exact offsets from a candidate, which noise cannot satisfy.

v298: [TC] msg 71 (0x47) SCENE_TAG_PRODUCTION INFO - the real economy payload. THIS is the one.
      msg 69 carries ONE byte per scene (the condition percent, wired up in v296). It was never
      going to fill a panel showing nine columns. The actual detail rides on msg 71, and we have
      never sent or received a single one:
          2009 log : out 71'=163  in 71'=163
          ours     : out 71'=  0  in 71'=  0     (78/82/84/87, all zero)
      Found by chasing the strings 'SCENE_TAG_PRODUCTION_MESSAGE::PACKED_REQUEST' and
      '::PACKED_INFO' to the shared handler at 0x4fb4c0 (dispatch slot 0xc81ff4). The 2009 reply
      sizes are arithmetic and confirm the shape: 90,173,256,339,422,505,588 - a 7-byte header
      plus N*83.
          request : [0x47][u32][u16] + N x u16 sceneIdx     (out 71'9 = 1 scene, '11 = 2, '13 = 3)
          reply   : [0x47][u32][u16] + N x 83-byte PACKED_INFO
      PACKED_INFO layout, from the unpacker FUN_0048e910 (3-iteration loop = the 3 resources):
          +0x00 u16    scene id   <- matched against obj->field_0x4c, as in msg 69
          +0x02 u32[3] A -> obj+0x40      +0x2c u32[3] F -> obj+0x7c
          +0x0e u32[3] B -> obj+0x4c      +0x38 u32[3] G -> obj+0x88
          +0x1a u8 [3] C -> obj+0x58      +0x44 u8 [3] H -> obj+0x94
          +0x1d u32[3] D -> obj+0x64      +0x47 u32[3] I -> obj+0xa0
          +0x29 u8 [3] E -> obj+0x70                        = 83 bytes exactly
      The client takes the INFO path whenever [0xc6e8a4]==0 (it is not the host) and never reads
      the u32/u16 header fields, so we can push INFO UNSOLICITED - which matters, because our
      client never sends the request (out 71' = 0).
      NINE arrays is too many to guess, so `prodinfo probe` fills each with a distinctive marker
      (A=111/112/113, B=221/222/223, C=31/32/33, ...) and the panel then tells us which array is
      which. `prodinfo` alone sends our real supply figures on a best-guess mapping.

v297: [TC] msg 40 (0x28) PRODUCTION COMPLEX - the per-camp economy the map panel reads.
      Decoded from the handler at 0x4f6ab0 (dispatch slot 0xc81f78). Layout, and it comes to
      EXACTLY 38 bytes, matching every `in 40'38` in the 2009 log:
          [0]          u8  type 0x28
          [1]          u8  camp            <- bounds-checked < 8
          [2..5]       u32 A               -> camp_rec + 0x00
          [6..9]       u32 B               -> camp_rec + 0x04
          [0xa..0xd]   u32 C               -> camp_rec + 0x08
          [0xe..0x19]  u32 D[3]            -> camp_rec + 0x0c   (3-iteration loop)
          [0x1a..0x25] u32 E[3]            -> camp_rec + 0x18
                                             camp_rec + 0x34 = 1   (valid flag)
          camp record base 0xc845c8, stride 0x9c
      Three scalars then two arrays of three. Three is the resource count, and the panel shows
      'Aircraft/Tank/Ship units' followed by Metal/Fuel/Ammo twice - once as an amount and once
      as a percentage - so D and E are read here as STORED and CAPACITY, with the client deriving
      the percentage. That pairing is inference from the UI, not proven from the binary: if the
      numbers come out swapped or the units land in the wrong row, the A/B/C order or the D/E
      roles are what to try first.
      Sent per camp on the production tick and on demand via the `production` console command.
      Totals are summed over every scene of a camp that has a profile, which is what makes the
      Production Complex figures aggregate rather than per-scene.

v296: [TC] msg 69 value byte identified - it is the scene's CONDITION percent, not supply.
      v295 fixed the record layout to [u16 id][u8 value] and the client immediately started
      displaying the byte - every scene read '100% damage', which is exactly the average supply
      percentage we were putting there (InitialStorage=100, nothing damaged). So obj+0x30 is the
      per-scene CONDITION/damage figure the map shows, and the id really is the scene index.
      That is the field 'scene damage unknown' was complaining about: it had never been set.
      Now sending scene HEALTH: 100 = intact, 0 = flattened, derived from SCENE_HP the same way
      scene_efficiency() does. Note SCENE_HP only fills when AUTO_SCENE_DESTROY is on, so with
      autopve off every scene legitimately reports 100 - that is accurate, not a stub.
      Supply percentages are therefore NOT carried by msg 69. One byte cannot hold three
      resources, so the Metal/Fuel/Ammo panel must come from elsewhere - msg 40 (184 occurrences
      in the 2009 log, 0 in ours) is the next candidate.

v295: [TC] msg 69 record layout CORRECTED - it is [u16 id][u8 value], not three percentages.
      v294 guessed the 3-byte record was (metal%, fuel%, ammo%) because the map panel shows three
      percentages. Wrong, and wrong in a way that failed SILENTLY: the client accepted every reply
      (sizes all passed its (Length-1)%3==0 assertion) and did nothing visible.
      The consumer is FUN_0048e9a0, reached from the msg-69 handler via 0x491a40:
          for each record:
              if (obj->field_0x4c == *(u16*)rec)      <- u16 matched against an OBJECT ID
                  obj->field_0x30 = (u8)rec[2];       <- single byte stored
                  obj->field_0x20 = timeGetTime();    <- last-updated stamp
                  obj->field_0x28 = 0;
              rec += 3;
      So each record is [u16 id][u8 value]. Our v294 reply for scene 3 at 100/100/0 went out as
      64 64 00, which the client read as id=0x6464=25700 - no such object - so it matched nothing
      and dropped every record on the floor. That is why the panel stayed blank despite the client
      logging in 69'4 / 69'13 / 69'16 at exactly the right sizes.
      Now echoing the requested scene index as the id and one supply byte as the value. The value's
      meaning is still unconfirmed - it lands in obj+0x30 and we are sending the scene's overall
      supply percentage as the first candidate.

v294: [TC] msg 69 (0x45) SCENE SUPPLY QUERY - answering the request we have always ignored.
      CREDIT: Alon spotted this from the client side - a 'supply-cap' entry appears every time the
      map is opened or a scene is selected. It is the client ASKING for economy data, and we log it
      and say nothing. The 2009 ground truth is unambiguous:
          2009 log : out 69'=232   in 69'=232     <- answered 1:1, every single time
          messages78: out 69'= 17   in 69'=  0
          messages82: out 69'= 21   in 69'=  0
      REQUEST FORMAT, decoded from our own SUPPLY-CAP captures (the instrument was already logging
      the payload hex, we had simply never read it):
          00 <type> 00 00 45 <u16 sceneIdx> x N
          type encodes N: 0x32=1 0x52=2 0x72=3 0x92=4 0xb2=5   (+0x20 per extra record)
          e.g. 00 b2 0000 45 0300 1500 1600 1c00 2000 -> scenes 3,21,22,28,32
      Every observed index is <= 60, i.e. the display-list scene space, and the count matches the
      client-side sizes exactly (out 69'3 = [0x45][u16] for a single scene).
      REPLY FORMAT, from the handler at 0x4f5130 (dispatch slot 0xc81fec):
          count = (Length - 1) / 3, asserted to divide evenly (VNet_Rcv.cpp:1400 on failure)
      so the answer is ONE 3-BYTE RECORD PER REQUESTED SCENE - and 2009's `out 69'3 -> in 69'4`
      is exactly one scene asked, one record returned.
      WHAT THE THREE BYTES ARE: a hypothesis, not yet proven. The map panel shows
      'Resource Storage: Metal 50% / Fuel 50% / Ammo 50%' - three percentages, in that order - so
      we answer with (metal%, fuel%, ammo%) drawn from the supply model. If the panel populates
      with plausible numbers this is right; if it shows the wrong three values the ORDER is wrong;
      if it stays blank the record means something else entirely. SUPPLY_QUERY_REPLY gates it.

v293: [TC] msg 42 (0x2a) SCENE SNAPSHOT - the message that populates the economy display.
      WHY THE ECONOMY PANEL IS EMPTY. Not the link radius. A wire-alignment probe settled that
      first: get_fuel_when_lim_fuel was set to 77 and the client's [TC] dump echoed 77, so our
      GAME_DEF walk is correct and UseSceneUnitProducers (+0x474) / ResourceProducerLinkRadius
      (+0x47c) really are absent from the wire. Which also means they CANNOT be the cause - if
      they were, TC economy would have been dead on every real FA server too. 0 almost certainly
      means 'use each scene's own link value', which is what data00_scenes.json carries per scene
      (10000..60000) and what the offline UI shows as 'Link range: 21' / '6'.
      THE ACTUAL GAP. Comparing the 2009 ground-truth log against ours:
          msg 42 (scene snapshot)      2009: 2     ours: 0
          msg 40 (production step)     2009: 184   ours: 0
          msg 28 (object state)        2009: 116   ours: 0
          msg 30 (scene state)         2009: 22    ours: 0 (added in v290)
      We have never sent ANY ground-war economy message. The client has no scene state at all,
      which is why the panel is blank, damage reads 'unknown', and it re-asks on every map open.
      WIRE FORMAT, from the handler at 0x4f4d50 (dispatch slot 0xc81f80, found by scanning for
      `C7 05 <slot> <imm32>`; the same scan re-derives msg 30 -> 0x4f6880, which v290 already
      confirmed, so the method is sound):
          count = Length - 1                  <- the type byte is skipped, as in msg 30
          count is compared against [0xc84ff8] = TRN_MANAGER::nSceneInstDef and a mismatch logs
            'AIClient. TRN_MANAGER::nSceneInstDef=%i. Receiving %i scenes.'
          then ONE BYTE PER SCENE, bit-packed. The debug printer spells the fields out:
            '  Scene %3i. Camp=%i, State=%i. (%i)'  with (index, byte & 7, byte >> 3, byte)
          so  byte = (State << 3) | Camp,  Camp 0..7 (7/0xff-equivalent = neutral), State 0..31.
      This build adds the builder and a `snapshot` console command. It is NOT yet sent
      automatically on join - fire it by hand first and confirm the panel populates, because an
      count that disagrees with nSceneInstDef makes the client complain rather than render.

v292: [TC] SEED FROM THE ARENA'S OWN InitialStorage - correcting v291.
      v291 hardcoded SUPPLY_SEED_FRAC = 0.5 because the offline TC training mission seeded a fuel
      factory to 15000 of a 30000 cap. That was the TRAINING MISSION's setting, not a constant.
      The client's settings dump for OUR arena (messages78, 20:01:10) reads:
          InitialStorage=100     <- our arenas start FULL, not half
          SupplyResourceRadius=10000m   ParachuteResourceRadius=2000m
          PlaneProducerLinkRadius=100   TankProducerLinkRadius=100   ShipProducerLinkRadius=100
          GetFuelWhenLimFuel=50         GetAmmoWhenLimAmmo=50        CargoPercent=0
          AttackPercent=20  DefensePercent=30  CapturePercent=50  (toggle delays all 300)
          ResourceProducerLinkRadius=0  <- see below
      InitialStorage is a PERCENT and is per-arena, so the seed now follows it via
      supply_seed_frac(room_id) instead of being a global constant. 50% was never a fact about
      the game, only about that one mission.
      OPEN ISSUE - the missing economy panel. The client reports ResourceProducerLinkRadius=0, so
      no scene can reach a producer, no production complex forms, and the Production Complex /
      Single Scene Data panels have nothing to show. We CANNOT currently fix this from the server:
      the GAME_DEF deserialiser walks +0x470 -> +0x478 -> +0x480, skipping +0x474
      (UseSceneUnitProducers) and +0x47c (ResourceProducerLinkRadius) - both are read only by the
      INI parser at 0x581400. So the client keeps its own default of 0 no matter what we send.
      Offline, where the panel works, the same fields read 'Link range: 21' and 'Link range: 6'.

v291: [TC] IMMEDIATE STORED-SUPPLY LOSS ON DESTROY + 50% seed, both MEASURED from the live game.
      Method: fa_memdump.py attached read-only to the offline TC training mission and polled the
      production globals every 5s while a single GER fuel factory was destroyed. Isolated result
      (GER camp3 minus the undamaged camp0 baseline):
          t= 50.7  between steps   metal 0   fuel -15000   ammo 0      <- one-time
          t= 74.0  STEP            metal 0   fuel  -1000   ammo 0
          t=141.0  STEP            metal 0   fuel  -1000   ammo 0
          t=186.2  STEP            metal 0   fuel  -1000   ammo 0
      and the individual building was caught in the same dump:
          0x1db70fd0  fuel max=30000 camp=3   works: 1 -> 0   value: 15000 -> 0
      So destruction has TWO distinct effects, and we only modelled the second:
        (a) the scene's STORED contents are lost immediately, outside the production step;
        (b) the producer's rate leaves the camp total permanently (v286 efficiency scaling).
      -1000/min is exactly RESOURCE_PRODUCER_DEF[1] = {fuel, max 30000, rate 1000}, and metal and
      ammo were untouched - matching the 'Fuel Factory: metal 0, fuel 1000, ammo 0' profile. An
      earlier run showed -1400 metal too, but that was collateral damage from extra buildings; the
      single-target run above isolates it cleanly.
      SUPPLY_SEED_FRAC 1.0 -> 0.5. The destroyed factory held 15000 of a 30000 cap, and the map
      screens read 'Resource Storage: Metal 50% / Fuel 50% / Ammo 50%' across the board. Fields
      were starting completely full, which made them far too generous.

v290: [PvE] msg 30 (0x1e) SCENE OBJECT STATE - the message that actually removes the building.
      THE MISSING HALF. Across six sessions we sent 551 msg-36 and ZERO msg-30. The 2009
      ground-truth log pairs EVERY destroy with msg 30 immediately after:
          01:45:42 in 36'8 / 01:45:45 in 30'149 / 01:45:48 in 30'5
          01:50:06 in 36'8 / 01:50:08 in 30'5   / 01:50:12 in 30'13
      (36 fires 5x, 30 fires 22x, always trailing). So msg 36 is only the ANNOUNCEMENT - it prints
      'You have destroyed X' and updates logical state - while msg 30 carries the world-state
      change that makes the object disappear. That is exactly what we saw live: correct text,
      intact 3D world. `destroy 402 1` naming Birchwood but leaving it standing is this bug.
      This may also explain the Fa3_ParticleSystemCreator.cpp:942 CTDs: we ask the client to spawn
      an explosion for an object whose state was never updated.
      WIRE FORMAT, from the handler LAB_004f6880 (dispatch slot 0xc81f50, set in FUN_004f1490):
          edi = Ptr; INC EDI  -> the first byte is skipped (header/pad)
          ebx = Length; DEC EBX
          loop: si = u16 [edi]; esi = si & 0x7fff        <- scene index, low 15 bits
                bounds-checked against [0xc84ffc] and [0xc87274]
                ecx = [0xc87270][esi*4]                  <- SAME raw scene array msg 36 uses,
                                                            so indices are directly compatible
                test byte [edi+1], 0x80                  <- bit 15 = has-value flag
                  set   -> edx = u16 [edi+2]; call 0x568eb0(1, edx, 0); consumes 4 bytes
                  clear -> call 0x568eb0(0, 0, 0);       consumes 2 bytes
      FUN_00568eb0 with param_2==0 calls the object's vtable[+0x54] (the clear/destroy path);
      with param_2==1 it drives a progress/countdown path (value*0x400, 60 - v/1000 timer) which
      is capture progress, not destruction. So DESTRUCTION = a 2-byte record with bit 15 CLEAR.
      broadcast_scene_36() now sends the matching msg 30 straight after the msg 36, gated by
      SEND_SCENE_STATE_30 so it can be turned off if it proves wrong.

v289: [PvE] NAME-SCAN - stop letting camp=0xFF suppress the answer we are probing for.
      The 02:24 run probed indices 117..131 with `destroy <n>` and got 'a bridge' FOURTEEN times.
      That was not the client failing to resolve them: camp=0xFF forces the GENERIC text path in
      the msg-36 handler, so the client never looks the name up at all. `destroy` defaulted the
      camp to scene_camp(), which returns 0xFF for anything outside the 0..59 table - i.e. exactly
      the indices we were trying to identify. The probe was suppressing its own output.
      The one probe carrying a real camp is the one that taught us something:
          destroy 51 camp=0x01 -> 'GBR Ammo Factory'
      while the join table calls scene 51 a Tank Factory. So the msg-36 name array is NOT the join
      display list, and its entries are building-level ('Shed' at 59, 'Storage' at 40, 'Ammo
      Factory' at 51).
      (a) `destroy` now falls back to DESTROY_NAMING_CAMP (default 0) instead of 0xFF when the
          scene's real camp is unknown, so the client always names the target. Pass 255 explicitly
          to get the old generic behaviour.
      (b) `idscan <lo> <hi> [gap] [camp]` sweeps a range with a naming camp, one index at a time,
          so the CLIENT log yields one 'You have destroyed <camp> <name>' per index. That is what
          builds the msg-36 name table for the space the weapon objects actually live in.

v288: [PvE] AUTO-DESTROY NOW USES weapon_map.json - AND REFUSES TO GUESS.
      THE BUG, from the 19-Jul 02:08 calibration run: auto-destroy used `scene_idx = obj`, bare
      identity. Neither map was ever consulted - probe_save() writes objscene_map.json and
      corr_map_save() writes weapon_map.json, but _handle_ground_damage_31 read from neither.
      Live result: three GBR targets reported as 'USA Shed', 'JPN Storage' and 'a bridge'.
      WHY IDENTITY CANNOT WORK. The msg-31 ev=0x05 `obj` byte is a PER-BUILDING index; msg-36
      takes a SCENE index. The 02:09 bursts prove the fold - two bombs on ONE airfield lit up the
      same ten objects (36,40,45,58,60,61,62,63,91,99), while Birchwood lit a different cluster
      (53,59,70,71). Many objects -> one scene. No arithmetic recovers that; it needs a table.
      (The old comment claiming identity was 'CONFIRMED messages21' was removed in v287.)
      WHY NOT THE PROBE MAP. objscene_map.json comes from the destroy-sweep, which only exercises
      ev=0x00 reconciliation in SCENE space - it returns the region around a scene, not that
      scene's buildings. Hence objs 60..63 all collapsing to scene 59. Wrong space. The weapon
      space only comes from `corr map <obj> <scene>` eye-confirmed anchors -> weapon_map.json.
      THE FIX. WEAPON_MAP is loaded at startup and consulted for every candidate destroy. If the
      obj has no anchor, we now emit NOTHING and log it, instead of destroying an unrelated scene.
      Failing silent beats failing wrong: a missing entry is a gap to fill, a wrong entry corrupts
      the arena's ownership state for every player in it. `weaponmap` reloads without a restart.

v287: [PvE] CALIBRATION RECORDER - survives the run-log gap.
      The 18-Jul 23:05 session destroyed three scenes and NOTHING was logged server-side:
      run_20260718_210037.log stops at 21:33 and server.log jumps straight from hour 21 to the
      01:35 restart, yet the client received three `in 36'`. A server was serving while writing no
      logs at all - almost certainly launched with a different working directory, since
      fa_logging.init_logging() resolves `logs/` RELATIVE TO CWD. That cost us the entire
      calibration run: the obj indices we needed were computed and then thrown away.
      Fix: PVE_CALIB writes to an ABSOLUTE path beside this script, opened per-append and flushed
      immediately, so it cannot be lost to cwd, buffering or a dead console. It records both ends
      of the mapping - every ev=0x05 damage record (obj) and every msg-36 actually sent (sceneIdx,
      camp) - so pairing it with the client's 'You have destroyed <camp> <name>' line yields the
      obj -> real-scene mapping directly.
      NOTE: the live test FALSIFIES the identity assumption in _handle_ground_damage_31. The
      comment there claims obj IS sceneIdx ('CONFIRMED messages21'); messages62 shows attacking a
      GBR airfield reported 'USA Shed', 'JPN Storage' and 'a bridge' - three wrong scenes, the last
      with camp 0xFF meaning the index fell outside the 0..59 table entirely. Identity is WRONG.

v286: [TC] SCENE TYPE ALIASES + damage-aware production efficiency.
      (a) ALIASES. 97 of the 662 scenes in fa_scenes.json carried a type string with no entry in
          `profiles`, so they fell through to the blind path. Most are correct as-is (Anti-Aircraft
          1/2 = 50 scenes, genuinely no economy), but Substation 2 (32), Farm (9), Tank (3) and the
          three named cities (Birmingem/London/Paris) were real losses. SUPPLY_TYPE_ALIASES maps
          them onto the right stock profile; unknown names now also get a keyword pass
          (Airfield/Factory/Village/Port) before giving up. VERIFIED against the real table:
          scenes resolving to an economy go 565 -> 612 of 662; the remaining 50 are exactly the
          Anti-Aircraft sites, which correctly have none.
      (b) EFFICIENCY. Production is now scaled by scene health. CONFIRMED this session from
          FA.exe FUN_00588850 (the producer-death path): a destroyed producer has its rate
          SUBTRACTED from the camp aggregate (DAT_00c87c60[resType + camp*8] -= rate) and its
          Works() flag cleared. There is NO per-building efficiency scalar in the binary - the
          'production efficiency %' the manual shows on the Single Scene Data panel is an emergent
          ratio of surviving producers. We approximate that with scene HP fraction until the
          weapon-obj -> scene index translation lands (see AUTO_SCENE_DESTROY notes).
      (c) REPAIR. Damaged scenes now heal SUPPLY_REPAIR_HP_PER_TICK per production step, mirroring
          the arena's BuildingsRepairRate/RepairTime parameters (both confirmed present in the
          GAME_DEF settings dump). Without this, damage was permanent and fields decayed forever.
      Struct facts pinned this session from FA.exe Production.cpp (FUN_0058cb50 asserts):
          sizeof(RESOURCE_STORAGE_DEF)=8, RESOURCE_PRODUCER_DEF=16, UNIT_PRODUCER_DEF=24;
          nResourcesUsed()<=8; aggregate arrays are 8 camps x 8 resources x u32.
          UNIT_PRODUCER_DEF layout confirmed against a real 11-record table (Data06.all@19040):
          [UnitType(0=plane,1=tank)][ResourceType ALWAYS 0=metal][MaxStorage][Rate/min][Cost][Flags]
          - independently reproducing the wiki's 'metal is the only resource needed for units'.
          Resource enum confirmed: 0=metal, 1=fuel, 2=ammo.

v285: RESUPPLY IS NOW INCREMENTAL (flags 0x08), per the user's model: the aircraft should draw only
      what it is SHORT of - ammo if it needs ammo, fuel if it needs fuel - and when the field cannot
      cover it, fall back to aircraft units / tank production. That is exactly what the 0x08 probe
      did ("insufficient aircraft units at the airfield, taking from tank production to supply").
      v283/v284 used 0x01, an ABSOLUTE SET: it gated correctly but force-rewrote BOTH resources to a
      fixed figure on every rearm, so a plane that had only burned ammo still had its fuel reset,
      and each rearm cost the field a full load regardless of need - which is why firing repeatedly
      drained the airfield in a handful of passes.
      v285 offers a CEILING (SUPPLY_FULL_*_KG) and charges only a nominal amount
      (SUPPLY_DEBIT_FUEL_KG=300 / SUPPLY_DEBIT_AMMO_KG=150) since the client never reports how much
      it actually drew. The offer is still capped by what the field has left, so an exhausted field
      offers 0 kg and the client surfaces the shortage itself.
v284: [TC] economy block patched into the GAME_DEF (InitialStorage / Get*WhenLim* / CapturePercent).
      RE chain: string hunt in FA.exe found the full arena INI parameter set including a [TC]
      section; a pointer search located the INI parser at 0x581400, whose disassembly gave every
      key's arena-struct offset AND default; then FUN_0057bee0 (the GAME_DEF wire deserialiser we
      already replay for the AA bytes) was shown to write those same offsets - so the TC params
      TRAVEL ON THE WIRE and we can set them.
      Wire layout (continues straight on from the 5 AA-quality bytes at +0x418):
        3 dwords, then u8 DefensePercent / AttackPercent / CapturePercent,
        u8 x10 Attack/Defense/UnderAttackToggleDelay, u16 Friends/EnemiesForce,
        TWO cstrings (variable - must be walked), then
        ★ u8 InitialStorage, u32 SupplyResourceRadius, u32 ParachuteResourceRadius,
        u8% Plane/Tank/ShipProducerLinkRadius,
        ★★ u8% GetFuelWhenLimFuel, ★★ u8% GetAmmoWhenLimAmmo.
      New _gamedef_tc_offsets() extends the existing parser replay to find them, and
      apply_tc_settings() patches them at 212-serve time (same-length byte writes, with a sanity
      check that refuses to write if the block doesn't look like percentages). Defaults:
      InitialStorage=100, GetFuelWhenLimFuel=50, GetAmmoWhenLimAmmo=50 (the client's own INI
      defaults are 50/50/50). TC_APPLY=False disables.
      NOT reachable on the wire: UseSceneUnitProducers (+0x474) and ResourceProducerLinkRadius
      (+0x47c) - the INI parser reads them but the deserialiser skips 0x474 and 0x47c.
v283: msg-60 semantics cracked - flags select the MODE, amounts are KILOGRAMS (0x01 = absolute set).
        0x01 100 100 -> fuel AND ammo both SET to 221 lb.  100 kg = 220.46 lb, so THE AMOUNTS ARE
                        IN KILOGRAMS and 0x01 is an ABSOLUTE SET of both resources.
        0x02 100/10  -> fuel pinned at 351 lb, ammo incremental (amount ignored for fuel)
        0x04  10  10 -> ammo forced to 100%, fuel incremental. THIS is why ammo never gated in
                        v280-v282: on the 0x04 path the ordnance restore is unconditional.
        0x08  10  10 -> both incremental, and the client runs its OWN base-supply accounting -
                        "insufficient aircraft units at the airfield, taking from tank production
                        to supply". A future route to driving real scene stocks client-side.
      So the FLAGS select the MODE, not the resource. v283 switches the auto-resupply to
      SUPPLY_GRANT_FLAGS=0x01 and hands the client exactly how many kg of fuel and ammo the field
      can provide: a stocked field sends more than any aircraft holds (client clamps = full load),
      a short field sends less and the pilot takes off partially loaded - the manual's rule, now
      driven by real numbers instead of a 0..1 scale factor. Field stores are kg throughout, which
      matches the manual's "calculated based on the physical weight of the fuel and ammunition".
      SUPPLY_SKIP_WHEN_DRY / SUPPLY_FUEL_CAP removed - 0x01 gives true per-resource control, so an
      empty field simply grants 0 kg and the client reports the shortage itself.
v282: interim ammo-dry withholding (superseded by the 0x01 absolute-set mode).
v281: msg-60 amount=FUEL / amount2=AMMO swap; partial-supply design PROVEN (client honours scaling).
v280: P2b - TC base-resource supply model (scene/type profiles, production step, partial grants).
        * each scene stores METAL/FUEL/AMMO up to its buildings' summed storage volumes;
        * resource producers add their per-minute rate on a 60s production STEP, capped;
        * a rearm DEBITS the field (SUPPLY_REARM_AMMO / SUPPLY_REARM_FUEL);
        * ★ a shortfall DEGRADES the load rather than refusing it - exactly the manual's rule that
          "the plane is created but does not have full fuel or ammo" - so msg-60 amount/amount2 are
          scaled by the fraction the field could supply.
      Scene id -> type comes from the room's TERRAIN (already tracked per room) + fa_scenes.json;
      unknown terrain/scene, a non-storing scene (AA sites, substations), a missing JSON file, or
      SUPPLY_MODEL=False all fall back to the previous BLIND full grant - which is correct for
      dogfight arenas (Common/Private/NaW/FFA), as those have no economy at all.
      New console command: `supply` (list all fields) / `supply <room> <scene>` (inspect) /
      `supply <room> <scene> <ammo> <fuel> [metal]` (set stores, to test the gate live).
      Verified upstream: the Q6 UNIT_PRODUCER_TABLE values were cross-checked against the wiki
      building tables on Desert NAW and match exactly (Tank Factory 4000/250, Plane Factory
      6000/500, Hangar 6000/80/60000, Small Hangar 2000/10/10000).
v279: AUTO-RESUPPLY spawn grace - CONFIRMED, the IPC-net flood is gone (2239 errors -> 0).
v278: AUTO-RESUPPLY targeted + one-shot (fixed air-resupply/freeze/instability with peers).
v277: AUTO-RESUPPLY freshness guards (staleness must never look like stillness).
v276: AUTO-RESUPPLY base change treated as an HQ entry/respawn (clean per-base settle).
v275: AUTO-RESUPPLY WORKING - at_airfield scan-framing fix (the bug that broke all prior versions).
v274: AUTO-RESUPPLY position-static gate (correct, but at_airfield never set due to scan framing).
v273: AUTO-RESUPPLY via telemetry-absence (FAILED - type-7 keeps flowing when parked).
v272: AUTO-RESUPPLY via plane_movement (FAILED - type-7 stops when idle, no position data parked).
v271: AUTO-RESUPPLY proxy-event trigger (missed no-move-from-spawn; fired on touchdown roll).
v270: AUTO-RESUPPLY engine-off trigger (only fired at spawn - client sends 5300 once).
v269: AUTO-RESUPPLY over-tightened to post-flight only (WRONG - reverted).
v268: AUTO-RESUPPLY settle-timer (worked but fired pre-takeoff at full loadout = no-op).
v267: AUTO-RESUPPLY (P2a) - engine-edge trigger (FAILED - states arrive out of order).
v266: msg-60 SUPPLY GRANT sender = the in-world REARM/REFUEL trigger (CONFIRMED WORKING).
v265: `resupply` console command (msg-36 test lever - ruled out, msg-36 is destroy/capture).
v264: SUPPLY capture widened (v263 watched the wrong sub numbers). The 2009 '59/60/40/73' are
      CONDUCTOR (in-game world) channel numbers; on our reliable channel the spawn/land messages
      show as different subs (seen: type=0x12 sub=0x60 sz=5 right after StartPlace/ServerConfirm;
      a PREFIXED sub=0x40 we currently ignore). v264 logs EVERY reliable-channel message while the
      pilot is in-arena and decodes the prefixed inner sub (pl[8]), so the real supply/repair flow
      is visible instead of guessed. Still capture-only, no behaviour change.
v263: SUPPLY/REPAIR capture instrumentation (Phase 2 start - resupply/repair on landing).
      Adds _supply_msg_instrument to log the FULL bytes of inbound supply/repair messages
      (msg 59/60/40/73 = 0x3b/0x3c/0x28/0x49) so their formats can be reversed from real captures.
      2009 flow (messages04.log): InsertPlayer(OnGround) -> client out-59 (supply/startplace request)
      -> server in-60 (grant) -> Repair PlnID:.. Full=1/0 (server-driven rearm via msg 40/73). As the
      server we receive 0x3b and must reply 0x3c then send 40/73 to rearm. No behaviour change yet -
      capture first, build the grant/repair replies from ground truth next (replay, don't author).
      Gated by SUPPLY_MSG_INSTRUMENT.
v262: BAIL CHUTE = NAMED FREEFALL (revert byte9 to 0). The stock parachuter ctor FUN_004a8c20 copies
      the pilot NAME into the tag (+0x154) ONLY on the byte9==0 branch; byte9>=1 (deploy) writes a
      numeric code instead - so a deployed chute structurally cannot carry the pilot name via create.
      Since the real game named EVERY chute (user spec) and a 2009 SPECTATOR saw a bail as freefall
      (the canopy deploy was owner-local), byte9=0 is the authentic, named bail: the pilot floats down
      with their name+rank tag. The v261 [2:4] owner fix is kept (PARA_FIX_OWNER_REF) so the name
      binds correctly. Trade: the remote won't see the canopy visibly OPEN (deploy is owner-local),
      but a NAMED falling pilot matches the real spectator view. The "deployed AND named" case (needed
      for TC cargo paratroopers, which are always deployed yet named) is separate work: those get their
      name from the REMOTE_PLAYER bind path, not the ctor strcpy - to be built with the TC cargo drop.
v261: PARACHUTER NAME TAG fix (deployed chute now shows the pilot name).
      The deployed chute (v259 byte9=1) rendered but had NO name tag, unlike the old freefall chute.
      RE of the master object factory FUN_004f26b0 (VNet.cpp) case 2 showed the name comes from a
      BIND: it resolves record body[2:4] as an object number (FUN_004f2530 -> objtable[n]) to the
      owner's GamerClientScore, then FUN_00427530 binds it to chute+0x128 = the name tag. The ctor's
      strcpy fallback only fills the name for byte9==0 (freefall); byte9>=1 relies entirely on the
      bind. Our record copied the bailing CLIENT's out-4 body verbatim, whose [2:4] holds that
      client's LOCAL plane number - which does NOT match the peer-visible number the server assigned
      the plane (log proof: [2:4]=0x0101=257 was BIGALON's own plane, not Test2's plane 256) -> the
      peer's lookup missed -> no name. Fix (PARA_FIX_OWNER_REF): overwrite body[2:4] with the
      peer-visible plane number src.my_obj_number so the bind resolves and the pilot name renders.
      Matches the real game: every canopy (pilot/paratrooper/cargo) is named, killable, collidable.
v260: ARENA ISOLATION fixes (cross-arena leakage) + no-team roster fix.
      BUG B (real): after an arena SWITCH, current_room went stale so chat, telemetry and roster
      kept scoping to the OLD arena -> peers in different arenas saw each other's chat, saw each
      other in the 3D world, and a switched player still showed in the old arena's roster. Root:
        (1) handle_leave_arena cleared entered_game but NEVER current_room; and
        (2) the enter handler (sub=0xc8) only resolved a room 'if not current_room', so a switch
            left current_room pointing at the old room.
      Fix: handle_leave_arena now sets current_room=None; the enter handler ALWAYS resolves the
      GameIndex->room and, if it differs from the current room, leaves the old arena cleanly
      (player-leave + object-delete + db_room_leave) before switching. All broadcast paths already
      scoped to get_sessions_in_room(current_room), so correct current_room = correct isolation.
      BUG A (cosmetic): a player who hadn't picked a side showed under US in peers' rosters. Root:
      build_add_player_62 encoded a None camp as 0 (=US). Fix (ADD_PLAYER_NOTEAM_NEUTRAL): encode
      as 0xff so the handler maps it to camp=-1 (no side / In Menu) - the same encoding the client
      gives its own local entry at grant. msg 63 still sets the real side on team-select.
v259: ★ PARACHUTER DEPLOY located and made testable (create-time, one byte). ★
      Deep RE this session found the master object factory FUN_004f26b0 (VNet.cpp). Its parachuter
      case (type 2) calls the ctor as:
          FUN_004a8c20( body[8], owner, *(body+4), (body[0]&0x70)>>4, body[9] )
      so record body BYTE[9] = ctor param_6 = the DEPLOY / model selector:
          0   = ParaTrooper, FREEFALL, no canopy  (the value the client's own out-4 body carries)
          1   = ParaTrooper, canopy DEPLOYED  (net-create branch calls FUN_004a6780 -> 0x324=1)
          >=2 = ParaCargo model, N troops, deployed
      The deploy is a CREATE-TIME property, NOT a per-object update message: a parachuter IGNORES
      both msg-7 (coord applier FUN_007e3a70, its vtable[+4] just returns size) and msg-12 (state
      applier, its vtable[+0x14] is a stub). Proven by the 2009 spectator log: a remote parachuter
      created ONCE, never updated, still deploys - so the deploy must be baked at create.
      v259 adds PARA_DEPLOY_BYTE9 (default 1) to set body[9] in build_parachuter_record. Set 1 to
      test whether the peer renders an OPEN canopy; None to keep the client's freefall value.
      NOTE: for a fresh BAIL the chute should freefall first (byte9=0) then deploy on pilot input;
      byte9=1 forces instant canopy. For the TC CARGO paratrooper drop, instant-deploy is CORRECT.
v258: INSTRUMENTATION to find the parachuter descent + deploy mechanism (no behaviour change).
      Established this session (dual-log analysis, Bigalon messages21 + Test2 server run):
        * After bail, Test2 sends the server ONLY a byte-identical 36-byte keepalive - NOTHING about
          the deploy, and it does NOT change when the chute deploys. Bigalon receives ZERO telemetry
          for the plane OR chute during the whole descent. So the deploy is NOT a relayable client
          message - the bailing client goes silent and the SERVER is authoritative for the pilotless
          plane and the parachuter (confirmed by 2009: a spectator client sees other players' chutes
          descend + delete cleanly, only possible if the server drives them).
        * 'in 20' hypothesis (a poll?) TESTED and REJECTED: 1820 'in 20' vs only 8 'out 20' (227:1),
          variable 13-129 byte payloads -> it's a SERVER->CLIENT state BROADCAST, not a poll, and its
          'out 20' replies cluster around players ENTERING/JOINING -> msg 20 is ROSTER sync, probably
          not the parachuter mechanism.
        * During 2009 parachuter 975's descent the non-roster messages were 'in 30'5' (tiny, right
          after create and again seconds later - the strongest per-object STATE/deploy candidate),
          plus 'in 72'/'in 73'.
      v258 logs the FULL bytes of msg 20 (MSG20 channel) and, while a parachuter is alive, every
      watched in-game type 30/72/73/20/31/40 (PARAWATCH channel) with object-number hit detection.
      Gated by MSG20_INSTRUMENT. Next test: bail + deploy the chute; the PARAWATCH lines will show
      which message carries the deploy so we can drive it server-side.
v257: TWO parachuter fixes, both from the v256 client log (messages20).
      (1) *** THE v256 SERVER DELETE WAS DOUBLE-WRAPPED. *** _para_land sent
          send_rel(peer, build_msg13(build_delete_object_3(...))) but build_delete_object_3 ALREADY
          returns build_msg13(body). So the wire carried msg13(msg13(delete)); the client parsed the
          inner as 'in 0'18' -> "ERROR: Unsupported message 0" -> the delete FAILED, and both the
          plane (257) and the chute (258) went stale and were culled (bsr=0, dif~25000) instead of a
          clean server delete (bsr=1). Now sends build_delete_object_3(...) directly (single wrap).
      (2) SCORE PRIME. The chute-OPEN (canopy deploy) is NOT a network message - 2009 shows a
          receiving client gets the create then nothing until the delete, and the canopy deploys via
          the ParaTrooper's LOCAL physics (update FUN_004a6780 branches on the object's +0x2dc: <1 =
          trooper free-fall, >=1 = canopy open). On the OWNER (Test2) it deploys; on the REMOTE
          (Bigalon) the trooper falls but the canopy doesn't open. The one wire difference we can see:
          2009 object-only parachuter creates are PRECEDED by 'in 25'46' score blocks; ours are bare.
          So v257 sends the peer a msg-25 for the bailing pilot right before the create (PARA_PRIME
          _SCORE, send_stat_block_25 now takes dst=). If the deploy binds to the score/identity, this
          fixes it; if not, the next client log will show the canopy still falling without opening,
          and we RE the exact +0x2dc setter.
v256: THE REAL PARACHUTER LIFECYCLE - from the 2009 ground truth. This is a TC gameplay mechanic
      (paratroopers dropped from cargo planes must descend and land), not cosmetic.
      WHAT THE 2009 LOG PROVES about a real parachuter:
        * Created object-only ('in 2'24'), model loads (ParaTrooperlod0.Q6).
        * NO network telemetry EVER names the object again. The client FREE-FALLS the canopy locally
          from the create-time seeded position (the ctor FUN_004a8c20 copies the owner plane's
          position + a fall rate).
        * The 'out 6'3' the client emits after the create is FIRE-AND-FORGET - 2009 never answers it
          (zero 'in 6'), so it was never the render blocker (v254's msg-6 theory was wrong).
        * The server ends the canopy with a type-3 "Server require delete object N" 5-21s later,
          scaling with bail ALTITUDE. The client then removes it cleanly (DelObject, bsr=1).
      WHAT WE WERE DOING WRONG (v254/v255): sending cloned plane telemetry. v255's instrumentation
      proved the packets arrived at the client, but it can't map a type-7 plane packet to a type-2
      parachuter object - it logged "Get coord for missing object 0" and ignored them, and then
      CULLED the canopy as stale (bsr=0) at ~28s because we never sent the real delete.
      v256 FIX:
        * SEND_PARACHUTER_TELEM = False - no telemetry (wrong mechanism, actively harmful).
        * PARA_SERVER_DELETE - after PARA_DESCENT_SECONDS the server sends the type-3 delete to peers,
          exactly like 2009. This gives the canopy the proper lifecycle and stops the stale-cull.
      The canopy is created + seeded + free-falls locally + landed by the server. If the 3D render is
      still missing after this, the next lead is the score/identity binding: 2009 object-only
      parachuter creates are preceded by 'in 25' score blocks that prime GamerClientScore[St]; ours
      sends St with no accompanying 25. That is the next thing to add if needed.
v255: INSTRUMENT the parachuter telemetry send. v254's clones were logged as "sent" but Bigalon's
      client received ZERO of them (messages18: no 'in 7'/'in 8' after the bail, received bytes drop
      to 0). The v254 log line printed whether or not a peer was actually found, so "8 sent" proved
      only that the function RAN 8 times - not that any packet left the socket. v255 logs the real
      per-peer sendto (byte count, destination addr, first bytes) and counts actual sends, so the
      next test shows definitively whether the packets leave and where they go.
      CONTEXT (confirmed this session): after Test2 bails he transmits only a static keepalive, so the
      normal relay has nothing to forward and Bigalon goes silent ("received bytes -> 0") - that part
      is expected. The parachuter clones were meant to fill that gap; they aren't arriving, and v255
      is about finding out why (send path vs client rejection) with evidence instead of inference.
v254: THE PARACHUTE BUG IS A SWALLOWED COORDINATE REQUEST - not the record. And the fix REPLAYS a
      real packet instead of authoring one.
      RE (this session) established the whole chain:
        * msg 6 = the client's "send me coordinates for object N" request:
              [bc=0][T=0x32][00][00][sub=0x06][ONumber LE]
          The client emits it right after creating ANY net object (planes too).
        * For a PLANE, coords arrive via normal telemetry relay -> positioned -> request satisfied.
        * For the PARACHUTER, the client asks for object 258's coords, but 258 has no telemetry (the
          bailing client sends only a static keepalive), AND our server SWALLOWS all msg 6. So the
          request is never answered -> 'in 6' -> "Unsupported message 6" -> the canopy sits at
          "Get coord for missing object 258", visible on radar but never rendered in 3D.
        * The create RECORD was never the bug (v250/v251 fixed bytes that were already fine): the
          create succeeds and the ctor FUN_004a8c20 even seeds the parachuter with the plane's
          position when linked. It just never gets ONGOING coords.
      THE FIX (v254): after creating the canopy on peers, answer the coord request by giving object
      258 a telemetry stream - by CLONING the plane's last real type-7 packet and retargeting only
      the ONumber (bytes 7:9). We author NOTHING: the 88-byte telemetry position encoding is only
      partially understood (scattered smooth fields; the v243 '3x u16' was a crash-test approximation,
      not the true format), and hand-building it is exactly the guess that CTD'd us five times. A
      cloned packet is every-byte-valid because the bailing client produced it microseconds earlier.
      A short burst (PARA_TELEM_BURST) covers a dropped packet.
      RESULT: the canopy should appear at the plane's position (where the pilot jumped) and the
      "Unsupported message 6" error should stop. It does NOT self-descend yet - the altitude field
      isn't safely located, and inventing it would risk a CTD - so the canopy hovers at the jump
      point until removed. That is a real improvement on invisible, and it cannot crash.
      Gated by SEND_PARACHUTER_TELEM. If anything misbehaves, flip it off and we are back to v253
      (radar contact, no 3D, no crash).
v253: *** THE CREATE WAS NEVER THE PROBLEM. WE WERE CRASHING THE CLIENT WITH OUR OWN TICK. ***
      Bigalon's client log settles three versions of guessing:
            in 2'24
            Receive create object 258
            Create NetParachuter. St=0, ONumber=258
            <<< LOAD OBJECT (PLANES/PARA/ParaTrooperlod0.Q6) >>>
      The parachuter record PARSES PERFECTLY and the canopy IS BUILT. v251 was already correct. I
      spent v250 and v251 fixing a record that was fine, because I never once looked at what happened
      AFTER the create.
      WHAT ACTUALLY KILLS IT, from the same log:
            in 7'84   x11     <- normal telemetry, all session
            in 7'118          <- ONE packet, the instant the canopy exists
            Exception in Fighter Ace engine:  bounds error
            class ARR<class NET::OBJECT *,2048>[20983] 0..2047
      The ServerConfirm makes the bailing client start transmitting the parachuter. Its telemetry
      packet grows 84 -> 118 bytes - a MULTI-OBJECT form we have never parsed - and relay_telemetry
      blindly rewrites BYTE 5 of it with a conductor tick. The client reads that tick back as an
      object index: 20983 is TICK-sized, not object-sized, and the object array is 2048 entries.
      We crashed the peer with our own re-stamp.
      FIXES:
        1. TELEM_RESTAMP_MAX_LEN - re-stamp ONLY the form we understand (a packet naming the sender's
           own PLANE, within the size we have always seen). Everything else is relayed BYTE-FOR-BYTE.
           We do not rewrite bytes we cannot parse. That is the same discipline as v251's "copy the
           client's record, don't author it" - I applied it to the record and not to the relay.
        2. PARA_SEND_CONFIRM = False, PARA_SEND_CREATE = True. One variable at a time, given the
           record so far. The canopy is now CREATED and VISIBLE on peers but does not move (its owner
           is never told to transmit it). That cannot crash anyone, and it is a real improvement on
           invisible.
      NEXT: after a clean run, flip PARA_SEND_CONFIRM back on. The verbatim relay should now carry the
      118-byte form safely, and the canopy should actually descend.
v252: PARACHUTER OFF. Three failures means my MODEL is wrong, not just my bytes.
      v248 = wrong record size. v250 = right size, invented contents. v251 = right size, the CLIENT'S
      OWN verbatim body. Still CTD + a message-box loop. That third result is the informative one: if
      copying the client's own bytes still kills the peer, then the record contents were probably
      never the problem, and I have been fixing the wrong thing three times running.
      SEND_PARACHUTER = False. The bail now behaves exactly as it did in v247 - consumed, no confirm,
      no create: no parachute, but no crash, and kill credit still works (v247's object-keyed latch is
      untouched).
      WHAT I ACTUALLY DON'T KNOW, and should have isolated three attempts ago: we do TWO things at
      bail time, and I have never established which one the client dies on.
            1. ServerConfirm 5 for the parachuter object -> the BAILING client
            2. create-object type 2                      -> the PEERS
      New flags PARA_SEND_CONFIRM / PARA_SEND_CREATE split them, so the next test BISECTS instead of
      guessing. That is the only responsible next step, and it needs one thing I do not have: the
      CLIENT LOGS from the crash. Specifically whether the peer ever logs
            "Receive create object 258"   /   "Create NetParachuter. St=..., ONumber=258"
      If it does, the record parsed fine and the crash is downstream (the ctor, the score binding, or
      the missing telemetry for an object that exists but never moves). If it does NOT, the record is
      still being rejected in the loop and the size/shape is still wrong.
      A message-BOX loop (not a silent crash) also suggests a repeating ASSERT rather than a wild
      pointer - most likely "There is no GamerClientScore for Client=%i" (FUN_004f26b0, bit7 path),
      which would point at the tag's human-owned bit or at St - NOT at the body bytes at all. That is
      a hypothesis to TEST, not to ship.
v251: *** STOP AUTHORING THE PARACHUTER RECORD. THE CLIENT ALREADY SENDS IT. ***
      Two CTDs, both because I was inventing bytes. v250 fixed the SIZE (23 = HeaderSize 10 + 13,
      proven from the type table at 0xa30c98 and matching the 2009 wire's `in 2'24`) - but the
      CONTENTS were still my guesses, and the client died again, harder.
      THE BAILING CLIENT HANDS US THE CORRECT BODY IN ITS OWN out-4. That payload is
            [sub=4][ident u16][record BODY of HeaderSize bytes][2 trailing]
      PROOF, from our own code: for a PLANE out-4, pl[8] is the PLN_INFO id - which is exactly the
      `s.plane_type = pl[8]` this server has relied on since v201. pl[8] is body[1]. So the out-4
      body IS the object-record body, for every type.
      The real parachute body (run 083507) is:
            82 80 00 01 00 00 00 00 00 00
            [0] 0x82  tag: TYPE 2, human-owned, nation 0    <- I had 0x92 (wrong nation)
            [1] 0x80                                        <- I had 0x00
            [2:4] 256 = the PLANE's ONumber                 <- the ONE byte pair I got right
            [9] 0     model                                 <- I had 1
      Three of ten body bytes wrong. Any one could be the crash; guessing a fourth time would have
      been indefensible.
      SO: we now COPY the client's 10-byte body VERBATIM and append only the 13-byte trailer - the
      one part the server legitimately owns, because only the server knows the object number it just
      assigned (St @ [10], ONumber @ [12], rest zero).
      This is the right shape for the whole subsystem: the client authors its own object, the server
      assigns the number and relays it. Nothing is reverse-engineered that doesn't have to be.
      (The v250 hand-built builder is left in place, renamed and inert, as dead code - safe to delete.)
v250: *** THE PARACHUTER RECORD IS 23 BYTES, NOT 41. That CTD was mine. ***
      v248 built the type-2 create-object as a 41-byte PLANE-shaped record. Test2 bailed and
      AC2E_Bigalon's client died on the spot.
      GROUND TRUTH, from the 2009 session log - real parachuters on a real host:
            in 2'24                                       <- 24 bytes = 1 + a 23-BYTE record
            Receive create object 993
            Create NetParachuter. St=101, ONumber=993
      and the arithmetic holds across every variant in that log:
            plane, object-only            in 2'42   = 1 + 41
            client + plane                in 2'83   = 1 + 41 + 41
            PARACHUTER                    in 2'24   = 1 + 23
            client + PARACHUTER           in 2'65   = 1 + 41 + 23      <- pins 23 exactly
            client + plane + parachuter   in 2'106  = 1 + 41 + 41 + 23
      THE BINARY CONFIRMS IT. The msg-2 record loop (LAB_007e4e00) reads a per-TYPE HeaderSize from a
      table at 0xa30c98 and advances by HeaderSize + 13:
            mov   al, [edi]                  ; rec[0] = tag
            and   eax, 0xf                   ; TYPE = tag & 0x0f
            mov   esi, [ebx*4 + 0xa30c98]    ; HeaderSize   (ebx = TYPE*3)
            movzx eax, word ptr [esi+edi+2]  ; ONumber = *(u16*)(rec + HeaderSize + 2)
            add   esi, edi                   ; param_1 = rec + HeaderSize   (the TRAILER)
            push  edi                        ; param_2 = rec               (the BODY)
            lea   edi, [edi + ebx + 0xd]     ; ADVANCE: rec += HeaderSize + 13
      The table:  TYPE 0 (client) 35 -> 48 | TYPE 1/8 (plane) 28 -> 41 | TYPE 2 (PARACHUTER) 10 -> 23
      So sending 41 made the loop advance 18 bytes too far and parse a bogus record out of the tail -
      exactly the tag-0 bounds-crash the v187 comment warns about. It is also why "Create
      NetParachuter" never appeared in the victim's log at all: the client died in the record LOOP,
      before the type switch ever reached case 2.
      AND St/ONumber are NOT at rec[28]/rec[30] (that is the PLANE's trailer offset) - the trailer
      starts at HeaderSize, so for a parachuter they are at rec[10]/rec[12].
      TWO THEORIES I HAD, BOTH WRONG, both now ruled out:
        * message size / bc framing - the 42-byte object-only form is PROVEN fine
          (in 13'45 -> in 2'42 -> "Create NetPlane").
        * FUN_004f2530 bounds - it indexes a 2048-entry array by object number; 256/258 are in range.
      bit7 (human-owned) is KEPT SET: that is what makes the handler bind GamerClientScore[St], which
      is precisely what puts the PILOT's name and rank on the canopy instead of an aircraft tag. The
      station already exists from the plane's client record, so the 'no GamerClientScore' assert
      cannot fire.
      Still not identified (left 0, harmless): rec[1], rec[4:8], rec[8]. If the canopy renders in the
      wrong PLACE, those are the bytes to chase - the size and the tags are now settled.
v249: *** OFFICIAL SCORING. Everything before this was invented, and it was badly wrong. ***
      The user supplied the game's own published scoring page (facfs.com, revised 01/02/2001). Up to
      v248 our scoring was a flat 100 per kill, a 50-point death, and a 13-step rank ladder I made up
      with names the game has never had ('Recruit', 'Air Marshal'). All replaced with the real thing.

      RANK - nine ranks, and the page's 1-based "Rank Value" is exactly our client rank index + 1.
      Our own probes already proved that mapping: f0=5 rendered "Major" (Rank Value 6), f0=6 rendered
      "Lieut. Colonel" (Rank Value 7), rank 0 renders "Cadet" (Rank Value 1).
            idx  RankValue  Rank                   Score
             0       1      Cadet                  0 -   999
             1       2      Sergeant            1000 -  1999
             2       3      Second Lieutenant   2000 -  3999
             3       4      First Lieutenant    4000 -  5999
             4       5      Captain             6000 -  9999
             5       6      Major              10000 - 13999
             6       7      Lieutenant Colonel 14000 - 21999
             7       8      Colonel            22000 - 29999
             8       9      Brigadier General  30000 - 46000
      Our old thresholds were ~10x too generous: 3,583 points had AC2E_Bigalon wearing a Lt.Colonel's
      rank when the real ladder makes that a 2nd Lieutenant.

      AIR KILL = value of the plane you shot down + a RANK BONUS:
            (target's rank value / attacker's rank value) x 100
      So killing UP the ladder pays, and a General farming Cadets barely scores. Plane values are
      Table 1 from the page (90-195 fighters, 145-650 bombers), keyed by name against PLANE_ROSTER;
      FA4.20's later additions (jets etc.) are not in the 2001 table and are priced from their
      nearest listed variant - clearly marked, and any name that fails to resolve is logged at boot.

      LOSSES (the page's list): a plane destroyed costs its VALUE, and a dead pilot costs a further
      100. So being shot down or crashing = -(plane + 100). A BAIL-OUT costs the plane only - the
      pilot walked away. (The page counts a bail over ENEMY territory as a death; we cannot yet tell
      friendly ground from enemy, so for now every bail is treated as friendly.)

      ALSO RECORDED, not yet wired up:
        * Table 2 ground/AI values (GROUND_TARGET_VALUES), and "bombs on a MOVING ground unit score
          x4" (GROUND_BOMB_MULTIPLIER).
        * The real ASSIST rule (ASSIST_DAMAGE_FRACTION = 0.20): "the kill is awarded to the attacker
          who did the MOST damage; if another attacker did 20% or more, he is awarded an Assist."
          This is exactly what the user asked for and needs per-attacker damage accumulation from
          msg 28 - the next job.
        * The page confirms the ACE rule we already had: five kills without dying = one Ace level.
v248: *** THE PARACHUTER IS A SECOND OBJECT. Confirm it, and create it on peers. ***
      The user's hint - "after bail out the plane object and pilot object are 2 separate entities;
      the pilot object has the pilot name tag, rank etc., the aircraft has a plane type tag" - and
      the RE agrees exactly. FUN_004f26b0 case 2 is literally "Create NetParachuter":
            piVar12 = FUN_004f2530();          // record[2:4] as i16 -> the SCORE OBJECT
            obj = FUN_004a8c20(rec[8], piVar12, *(u32*)(rec+4), (rec[0]&0x70)>>4, rec[9]);
            FUN_004f1ef0(ONumber, FUN_004269a0());   // register the NAME under this ONumber
      The ctor copies the pilot's NAME out of the owner object (owner+0x154) and binds its score - so
      the parachuter's record POINTS AT THE PLANE'S OBJECT NUMBER, and that is where the name and
      rank on the tag come from. rec[9] selects the model (0/1 ParaTrooper, >1 ParaCargo).
      WE WERE DOING NEITHER HALF OF IT:
        * The parachute's msg-4 was CONSUMED WITHOUT A ServerConfirm. A client only starts
          transmitting an object once the server confirms it - so the bailing client had nothing to
          send. THAT is the "stale telemetry": a static 36-byte keepalive, byte-for-byte identical
          every 2 seconds, on a different outer header, carrying no position and no tick. It is not
          the parachute - it is a client waiting on a confirm that never came.
        * No create-object type 2 was ever sent, so peers had no object to render. "Create
          NetParachuter" appears in NEITHER client's log, ever.
      NOW: the parachute msg-4 gets a ServerConfirm, and a type-2 create-object goes out to every
      peer, bound to the pilot's plane so the tag reads the pilot's name and rank.
      *** AND THE TRAP THAT ALMOST CERTAINLY BROKE v197: the parachuter gets its OWN slot
      (s.para_obj_number). A normal spawn-confirm reassigns my_obj_number / obj_confirmed / flying;
      doing that for the parachute would make the server think the player's PLANE *is* the parachute,
      and the real plane's later delete would then land on an object nobody owns - which is exactly
      the reported v197 symptom ("Confirm object 258 not found in list, send delete" -> the FRESH
      PLANE got deleted, dead engine after respawn). The plane's slot is never touched.
      Also: the parachuter's own delete (pilot lands or is killed under the canopy) is relayed to
      peers and does NOT run the plane's death path; and the crash-detection position history now
      only tracks the PLANE's object number, so the canopy's drift can't be mistaken for a plane
      still flying.
      Gated by SEND_PARACHUTER - flip it to False to restore the old consume-and-ignore behaviour.
      HONEST CAVEAT: record fields rec[4:8] and rec[8] are passed straight to the ctor and are not
      yet identified; they are left 0. If the canopy renders in the wrong place or the wrong model,
      those are the bytes to chase.
v247: EVENT-BASED KILL ATTRIBUTION - the time windows are gone.
      The user's point, and it is the right one: a kill is credited when the plane goes DOWN, but the
      plane can take a very long time to get there. Bail out at 20,000 feet and the empty aircraft
      glides for minutes. Any time window is therefore a GUESS about how long a plane takes to fall,
      and a high-altitude kill will always be able to outlast it. v246's 180s BAIL_CREDIT_WINDOW was
      the same mistake as v244's 30s one, just larger.
      THE FIX: the attribution is a FACT, established the moment the VICTIM'S OWN CLIENT reports the
      damage (msg 28 names both the victim and the hunter). So LATCH IT AGAINST THE OBJECT and hold
      it until THAT OBJECT's delete-notify arrives. No clock anywhere.
            PENDING_KILL[ONumber] = {'killer': ONumber, 'at': ts, 'why': 'damage'|'bail'}
            set      : on every msg-28 damage report
            marked   : on the bail (parachute msg-4) - only so the log explains itself
            consumed : when the delete-notify for that object arrives (popped, so never double-counted)
            dropped  : when a new spawn reuses that object number (numbers are recycled)
      Attribution chain is now:
            1. EXACT    - the hunter named in the exit entry (long-form deaths)
            2. LATCHED  - the msg-28 damage report, held against the object. NO EXPIRY.
            3. FALLBACK - most recent shooter within KILL_CREDIT_WINDOW. This one IS a guess, so a
                          clock is appropriate; it only runs when 1 and 2 find nothing.
      BAIL_CREDIT_WINDOW is removed entirely.

      ON THE BAILED PLANE'S TELEMETRY - NOT FIXED, and it cannot be fixed by relaying: THERE IS
      NOTHING TO RELAY. After the bail, Test2's client sends only a static keepalive, byte-for-byte
      identical every 2 seconds, carrying no state at all:
            before bail:  0014 0542 05420000 07 3de8 0001 fb45...   <- real telemetry, opcode 0x07
            after  bail:  000007d10001001000000000000000000029003d  <- identical, every 2s, forever
      So the straight-line glide on the peer's screen is dead reckoning over an empty channel.
      LIKELY CAUSE (next job): a normal spawn goes out-4 -> ServerConfirm, and only THEN does the
      client start transmitting that object. We CONSUME the parachute's msg-4 and never confirm it
      ("no echo/confirm"), so the client is waiting on a confirm that never comes and transmits
      nothing - which would explain the silence AND the invisible parachute in one stroke. Not done
      here on purpose: the code comment records that a naive confirm (v197) produced
      "Confirm object 258 not found in list, send delete" and DELETED THE FRESH PLANE on respawn.
      That needs doing carefully and on its own.
v246: *** THE BAILOUT DELETE WAS BEING EATEN BY A FRAMING BUG. ***
      Test2 bailed; on his machine the empty plane flew into the ground; on Bigalon's it kept flying
      straight until it timed out; Bigalon got no kill. Run 083507, 08:47:
            08:47:24  DAMAGE28  Test2 damaged by obj 0x0101          (last_hit_by set - fine)
            08:47:34  msg-4 parachute/bail -> consumed, no echo       (the bail)
            08:47:57  [00000542|00420000] +03000150
                      PEERDEL: delete for object 0x0042 - neither its own (0x0100) nor any
                      peer's -> SWALLOW                               (<-- the plane's death, EATEN)
      (1) THE FRAMING BUG. Reliable framing is [bc][T][00][00][sub][...], but when the packet's `cmd`
          field is NON-ZERO the payload carries a 4-byte prefix - [counter u16][cmd u16 BE] - in
          front of it:
                normal  delete: [00 42 00 00 | 03 00 01 a0]
                bailout delete: [00 00 05 42 | 00 42 00 00 | 03 00 01 50]   cmd=1346
          The codebase already knew this in two places (the login reads pl[4:6]; handle_compound does
          `inner = pl[4:]`) - but handle_compound only fires for a HARD-CODED WHITELIST of three cmds
          (COMPOUND_CMDS = {530, 578, 4610}). cmd 1346 isn't on it, so the delete was parsed from the
          wrong offset: ONumber read as 0x0042 instead of 0x0100, and v235's peer-object check then
          correctly concluded it was "neither its own nor any peer's" and swallowed it.
          FIX: re-frame prefixed DELETE-NOTIFIES from offset 4.
          DELIBERATELY NOT GLOBAL: ~10% of reliable messages are prefixed and have been ignored for
          the entire life of this server (they parse to sub=0x00 and match nothing). Turning them all
          on at once is how you break a working lobby - one of them decodes to sub=0xd4 = LEAVE. Every
          other prefixed message is now LOGGED (REFRAME channel) so the rest can be done one at a
          time, on evidence.
      (2) THE CREDIT WINDOW WAS TOO SHORT ANYWAY. A bailout is a DELAYED death: the pilot jumps and
          the empty plane flies on until it hits the ground. Here the gap from the last hit to the
          delete was 33 SECONDS - already past KILL_CREDIT_WINDOW (30s) - so even a correctly-parsed
          delete would have found the attribution expired and credited nobody.
          FIX: latch the attribution AT THE MOMENT OF THE BAIL (we see it as the parachute msg-4) and
          honour it for BAIL_CREDIT_WINDOW (180s). New BAIL log channel. Cleared on every spawn.
      STILL OPEN: the parachuting pilot is not visible to peers. We consume the parachute msg-4 and
      never create the object on anyone else, so there is nothing to render. Needs a create-object
      (msg 2) with the PARACHUTER record type - noted, not yet done.
v245: *** THE IN-FLIGHT "NEW ACE" / "NEW RANK" FLASH - msg 88 was stealing its own announcement. ***
      Aces now accumulate and display correctly, but the yellow on-screen message never fired. RE
      explains it exactly.
      msg 88's handler (FUN_004f4120) is a PURE SETTER:
            found:  [eax+0x50] = byte[edi+5]   ; aces
                    [eax+0x30] = byte[edi+6]   ; rank
                    ret                        ; <- that's all. No event, no message.
      THE FLASH LIVES IN msg 25's HANDLER (FUN_004f65a0), which has TWO PATHS:
            [0xc6eb98] -> the local player's plane -> +0x128 -> their score object.
            If that score object's PlayerIndex == the packet's, jump to 0x4f6637 = the ANNOUNCING
            path; otherwise take the silent write path used for remote players.
      On the announcing path it compares the INCOMING value with what is ALREADY in the score object
      and only announces on an INCREASE:
            aces:  byte[payload+0x13] > score+0x50  -> message 0x4b, 3000ms   ("you are an Ace")
            rank:  byte[payload+0x05] > score+0x30  -> message 0x4c, 3000ms   (promotion)
            ...and only THEN writes the stat block (call 0x4f4570 at 0x4f66ca).
      (payload+5 = block[0] = f0 = rank; payload+0x13 = block[0x0e] = f8 = aces. Our own field map.)
      SO: msg 88, arriving at the OWNER, silently bumped score+0x50/+0x30 to the new value - and msg
      25 then found nothing left to announce. jle -> no flash. We were overwriting the very delta the
      client needed to see.
      FIX: send_ace_rank_88 now goes to PEERS ONLY, never to the player it is about. Peers still need
      it (they never receive a msg 25 about somebody else), and the owner's update + announcement is
      handled entirely by msg 25.
      NOTE the flash only fires while FLYING (the announcing path needs a live plane at [0xc6eb98]).
      That is exactly what was asked for - and it is also why the HQ push is harmless: at HQ there is
      no plane, so msg 25 takes the silent path, priming the score object with the true rank/aces so
      that the first in-flight push has nothing spurious to announce.
v244: *** BAILOUT KILLS - the killer got nothing. Two bugs, both fixed. ***
      Test2 bailed out under Bigalon's guns. Test2's client registered the kill in Bigalon's name and
      announced it ("AC2E_Bigalon has destroyed You"), but Bigalon got NOTHING - not in the DB, not
      on his screen. Run 075246, 08:02:11:
            exit=0x50 -> MEC&0xf=5 SE=0, tb=0x42 (SHORT form)
            -> "Test2 died (solo crash/crashland)"     ... with Bigalon 3 feet behind him.
      A BAILOUT IS A NEW EXIT FORM: MEC nibble 5 says SHOT DOWN, but ScoreEvent is 0 (not 3), which
      means a 3-BYTE entry - so unlike a normal kill (exit 0x53) it carries NO HUNTER FIELD. The wire
      never names the killer.
      BUG 1 - NO ATTRIBUTION. The victim's client knows exactly who did it (its log shows
        "HitFrom(Number=256...)"), and THAT SAME HIT PASSED THROUGH US as msg 28, whose record is
        [VictimNumber][HunterNumber][count]. We were parsing the victim and THROWING THE HUNTER AWAY.
        Now stored as last_hit_by/last_hit_at, and used as attribution step 2 (still EXACT, not a
        guess). The old "most recent shooter" fallback is now step 3 - and is no longer gated on
        `scored`, which had made it unreachable for any short-form death in the first place.
        Cleared on every spawn so a hunter from the previous life can never be credited.
      BUG 2 - THE KILLER'S CLIENT WAS NEVER TOLD. The non-scored death branch DISCARDED
        score_on_death()'s return value, so `_killer` stayed None and SEND_SCORED_DELETE_TO_KILLER
        never fired. Even with a killer correctly identified, their client would still have seen
        nothing. Now captured.
      EXIT-CODE TABLE (all observed live):
            0x53  MEC 5|SE 3   shot down by a player (long form, HUNTER present)
            0x50  MEC 5|SE 0   BAILOUT - shot down, SHORT form, NO hunter          <-- NEW
            0x2d  MEC 2|SE 13  shot down, other form
            0x63  MEC 6|SE 3   killed by AA / AI (hunter=0xffff)
            0xa0  MEC 26|SE 0  crash AND clean exit (told apart by v243's movement test)
            0x90 / 0x11        re-fly / plane-swap
v243: DEATHS BY AA/AI AND UNDAMAGED CRASHES NOW REGISTER.
      (1) *** KILLED BY AA -> "Planes Lost to AI". *** Run 230703 gave us a NEW exit code straight
          off the wire when flak got the user:
                23:26:16  exit=0x63 -> MEC&0xf=6, SE=3, hunter=0xffff (no player)
          The death itself already counted (deaths 29 -> 30, via the `scored` long-form path), but it
          was booked against "Planes Lost" (f4) - the PLAYER column. MEC nibble 6 = killed by AA / AI
          ground fire, so it belongs in "Planes Lost to AI" (f13). Added AI_KILL_MEC_NIBBLES = {6};
          db_credit_kill(lost_to_ai=) picks the column. The HQ screen shows f4 + f13, so the TOTAL
          was always right - but the breakdown is what the game actually tracks, and now it matches.
      (2) *** THE UNDAMAGED CRASH FINALLY COUNTS. *** This was the known gap from v232: a crash and a
          clean parked exit are BYTE-IDENTICAL (both MissExitCode 26 -> exit 0xa0) and neither emits
          a msg 28, so the damage rule was blind to a plane flown into the ground with no enemy fire.
          THE MISSING SIGNAL was in the telemetry all along: body[0:6] is a quantised world position
          (3x u16). From run 230703, the last 4 seconds before each removal:
                23:08:17  (4526, 64457, 3906) x8 samples, delta EXACTLY 0  -> parked on the runway
                23:21:07  deltas +551 +572 +633 +647 +712 +791 per sample  -> IN FLIGHT = THE CRASH
                23:29:08  (34787, 53731, 62007) x8 samples, delta 0        -> landed, parked
          A parked plane reports movement of EXACTLY ZERO, sample after sample; a flying one moves by
          hundreds per tick. Four orders of magnitude apart - a robust test, not a fudge.
          relay_telemetry now keeps a CRASH_MOVEMENT_WINDOW_S (3s) position history per session, and
          a removal counts as a death if the plane was DAMAGED **or** was still MOVING
          (>= CRASH_MOVEMENT_MIN). The measured movement is LOGGED on every removal, so the threshold
          can be tuned from real numbers if a slow taxi ever trips it. History is cleared on every
          spawn so the previous sortie can't leak into the next one.
v242: BOMBER SCORING + the duplicate-assist fix.
      (1) *** FIGHTER SCORE vs BOMBER SCORE. *** FA splits the scoreboard two ways, and they key off
          DIFFERENT aircraft:
              what YOU were FLYING   -> Fighter Score  vs Bomber Score   (where the points land)
              what you SHOT DOWN     -> Kills>Fighters vs Kills>Bombers  (the kill breakdown)
          We were dumping everything into Fighter Score and kills_fighters, so a Lancaster sortie
          scored as a fighter. The server already knew the aircraft - s.plane_type is the
          PLANE_ROSTER id straight out of the spawn packet (out-4 byte[8]) - it just wasn't used.
          NEW: BOMBER_PLANE_NAMES -> BOMBER_PLANE_IDS (resolved against PLANE_ROSTER at import, so a
          typo is caught at startup rather than silently misclassifying), and is_bomber_plane().
          db_apply_score_delta(bomber=) now picks the score column by the KILLER's aircraft, and
          db_credit_kill(victim_is_bomber=) picks the kill column by the VICTIM's. RANK still comes
          from the COMBINED total - it is one ladder. The death penalty comes off whichever score the
          victim was flying for. Every kill now logs both classes and both aircraft names.
      (2) *** "Fighters Assists" exactly tracked "Fighters Destroyed" - a DUPLICATE credit. ***
          We were sending the killer TWO credit events for one kill: the exit-tail delete (which
          carries the real HUNTER since v229 and credits the kill by itself) AND a separate msg-33
          ScoreEvent. msg 33 was added in v203 when the kill wasn't registering at all; it has been
          redundant ever since v229, and the client was almost certainly scoring the duplicate as an
          ASSIST. An assist should only count when you damaged a target that SOMEONE ELSE killed.
          SEND_SCORE_EVENT_33 = False. (Flip back to True if kill credit regresses.)
v241: ACE NEVER FIRED - the streak had TWO sources of truth and we read the wrong one.
      The ace rule counted a PER-SESSION `kills_since_death` that resets to 0 on every login, while
      db_credit_kill (v240) maintains the real streak in the DB's `kills_in_a_row` column (+1 per
      kill, 0 on death). So a streak already IN the DB - seeded by the admin, or carried over from an
      earlier session - was silently ignored:
            admin seeds kills_in_a_row = 3
            two more kills -> DB goes 3 -> 4 -> 5   (correct)
            session counter goes        0 -> 1 -> 2 (what the ace check actually looked at)
            5 % 5 == 0 never tested -> NO ACE, no announcement, HUD stays "Ace: 0"
      FIX: the DB column IS the streak. score_on_death now reads kills_in_a_row back out of the DB
      (db_credit_kill has already incremented it by then) and awards the ace on THAT; the session
      counter is demoted to a mirror kept in sync for logging. send_stat_block_25's session override
      is removed for the same reason - it would report a LOWER streak than the truth and hide any
      admin-seeded value. One source of truth.
      Every kill now logs the running streak and when the next ace lands:
            [ACE] AC2E_Bigalon kills in a row: 4 (next ace at 5)
            [ACE] AC2E_Bigalon earned an ACE (5 kills in a row without dying) -> aces 0 -> 1
      The new ace is pushed straight out on msg 88 (AceOrRankChangedCB) by the existing post-kill
      re-state, so the in-game HUD "Ace:" counter updates and the client fires its announcement.
      NOTE the in-flight screen's own "Kills In a Row" / "Aces" rows render BLANK - those are
      client-session values it never populates. They are NOT what drives the ace: the server owns
      that rule end to end, so the HUD/HQ figures are the ones to watch.
v240: WEB ADMIN - every HQ Scores field is now editable (end-to-end test harness for msg 25).
      The stat block is fully mapped, so each row the HQ career screen renders gets its own DB
      column, and send_stat_block_25 is now a straight DB -> wire copy: whatever the admin saves is
      exactly what the client renders.
      NEW pilots columns (ALTER TABLE migration in init_db, same pattern as `aces`):
        kills_fighters  kills_bombers  planes_lost  planes_lost_ai  kills_in_a_row
        bomber_score    ai_fighters    ai_bombers   ai_ships  ai_tanks  ai_ground  ai_buildings
      (existing rank / score / kills / deaths / aces keep their meaning; `score` IS the Fighter Score)
      COLUMN -> msg-25 SLOT -> HQ ROW:
        rank f0 u8 Rank | deaths f1 u16 Lost Pilots | kills_fighters f2 | kills_bombers f3
        planes_lost f4 | kills f5 Kills | kills_in_a_row f7 u8 | aces f8 u8
        score f9 FLOAT Fighter Score | bomber_score f10 FLOAT | ai_fighters f11 | ai_bombers f12
        planes_lost_ai f13 | ai_ships f16 | ai_tanks f17 | ai_ground f18 | ai_buildings f19
        (HQ's "Planes Lost" row shows f4 + f13.)
      db_get_pilot_stat25() reads them all; db_credit_kill() keeps kills_fighters / planes_lost /
      kills_in_a_row consistent automatically on every kill and death (dying resets the streak).
      The web editor groups the fields exactly like the in-game screen (Overall Scores / Record vs.
      Other Players / AI Units Destroyed) and prints each one's slot + wire type under the box; every
      input is bounded to its slot's width so a typo cannot corrupt the packet.
v239: *** THE HQ CAREER SCREEN IS DONE. Full field map, real stats, probe off. ***
      Probe #2 answered the last two questions outright:
        * Fighter Score read 1234 and Bomber Score read 5678 when we sent the FLOAT bit-patterns for
          1234.0 / 5678.0 -> *** f9 and f10 are IEEE FLOATS, not ints. *** That is why probe #1's
          ints 9/10 rendered as 0: int 9 reinterpreted as a float is 1.26e-44. build_stat_block_25
          now packs those two slots with '<f'.
        * "Planes Lost" read 184 - not any single marker. 184 = 91 + 93 = f4 + f13, the ONLY pair of
          our six markers that sums to it. So the HQ "Planes Lost" row is a SUM: planes lost to
          PLAYERS (f4, in the player region) + planes lost to AI (f13, in the AI region). That is
          exactly why the in-flight screen carries both rows separately.
      FINAL MAP of the msg-25 block (score+0x30, 20 dwords, FUN_004f4570):
            f0  u8     Rank                    f1  u16   Lost Pilots  (deaths)
            f2  u16    Kills > Fighters        f3  u16   Kills > Bombers
            f4  u16    Planes Lost (players)   f5  u16   Kills (total)
            f6  u16    ? (assists - not on HQ) f7  u8    Kills In A Row
            f8  u8     Aces                    f9  FLOAT Fighter Score
            f10 FLOAT  Bomber Score            f11 u16   AI Fighters
            f12 u16    AI Bombers              f13 u16   Planes Lost to AI
            f14 u16    ? (assists)             f15 u16   ? (assists)
            f16 u16    Ships                   f17 u16   Tanks
            f18 u16    Ground Units            f19 u16   Buildings
      (f6/f14/f15 show nothing on the HQ screen - almost certainly the Assists rows that only appear
      in-flight. Left at 0.)
      STAT25_PROBE is now OFF and every mapped slot carries the pilot's REAL career from the DB:
      rank, kills, deaths ("Lost Pilots"), planes lost, fighter score, aces, and the live
      kills-in-a-row streak. The HQ Scores screen is now a true career screen.
v238: *** THE HQ CAREER SCREEN IS MAPPED. msg 25 DRIVES IT. ***
      With v237 pushing msg 25 when the HQ screen opens, the probe finally ran - and the HQ SCORES
      screen's CAREER column came back FULL of our probe values. Sent f_i = i (f0=rank=5, f8=aces=0)
      and read the mapping straight off the screen:
            Rank              -> f0   (u8)    Lost Pilots      -> f1   (u16)
            Kills > Fighters  -> f2   (u16)   Kills > Bombers  -> f3   (u16)
            Kills             -> f5   (u16)   Kills In A Row   -> f7   (u8)
            Aces              -> f8   (u8)    AI Fighters      -> f11  (u16)
            AI Bombers        -> f12  (u16)   AI Ships         -> f16  (u16)
            AI Tanks          -> f17  (u16)   AI Ground Units  -> f18  (u16)
            AI Buildings      -> f19  (u16)
      13 of 20 fields in one shot. The "Latest" column stayed 0 -> it is a SEPARATE block
      (last-mission stats) that we do not set.
      STAT25_MAP is now filled in, so the CONFIRMED slots carry the pilot's REAL career from the DB -
      kills, deaths ("Lost Pilots"), rank, aces and the live kills-in-a-row streak now appear on the
      HQ Scores screen for the first time.
      TWO LOOSE ENDS, and probe #2 settles both in one pass (only the unknown slots carry markers):
        * Fighter/Bomber Score read 0 even though ints 9/10 went into the two 32-bit slots (f9,f10).
          int 9 reinterpreted as a FLOAT is 1.26e-44 -> renders as 0, which is exactly what we saw.
          So f9/f10 are almost certainly FLOATS: probe #2 sends float bit patterns 1234.0 / 5678.0.
        * "Planes Lost" showed 17 - the same value as AI Tanks (f17), so it is ambiguous. Probe #2
          sets f17=97 and puts distinct markers in the remaining unknowns (f4=91 f6=92 f13=93 f14=94
          f15=95); whichever number turns up in "Planes Lost" identifies its field.
v237: *** THE "ALL 0" PROBE RESULT WAS A BROKEN TEST - msg 25 WAS NEVER SENT. ***
      send_stat_block_25 / send_ace_rank_88 were only ever called from the SPAWN-INIT path (after a
      plane's ServerConfirm). But the HQ SCORES screen is read AT HQ, BEFORE flying - the user's
      screenshot even shows the "FLY LANCASTER" button. Checked both test runs:
            run 112558 (v235):  CONFIRM5 = 0   STAT25 = 0   ACE88 = 0
            run 113555 (v236):  CONFIRM5 = 0   STAT25 = 0   ACE88 = 0
      NOT ONE PLANE SPAWN in either, so msg 25 never went on the wire and every row was 0 BY
      CONSTRUCTION. The probe proved nothing; it never ran. (Same trap as v231, one level up: that
      time I read the wrong screen, this time the message wasn't even sent.)
      FIX: push_career_stats() - msg 88 (rank/aces) + msg 25 (stat block) - is now ALSO fired when
      the client opens the HQ / hangar screen, which it announces with its 0x3a plane-catalog
      request (SEND_CAREER_ON_HQ, debounced by CAREER_PUSH_DEBOUNCE_S). So the HQ Scores screen now
      has the data BEFORE you fly. New CAREER log channel; STAT25/ACE88 lines will finally appear.
v236: TWO THINGS, BOTH FROM THE USER'S HQ SCREENSHOT.
      (1) *** msg 88 WAS UNICAST - peers never learned each other's rank. ***
          Every client keeps a GamerClientScore for EVERY player (Test2's own log: "Create client 0,
          (AC2E_Bigalon), PlayerIndex=0") and the msg-88 payload CARRIES the PlayerIndex, so the same
          packet updates that player's record on ANY client. We only ever sent it to the owner
          (send_rel(s, ...)), so every peer's copy stayed at rank 0. Hence "Bigalon's rank isn't
          displayed correctly on Test2's screen - it loads rank 0, not 3", and the kill announcement
          reading "GBR Cdt Test2" (rank 0). FIX: send_ace_rank_88 now BROADCASTS to every client in
          the room, and a fresh spawn also (re)states every OTHER player's rank/aces so a joining
          client doesn't show everyone as rank 0.
      (2) *** I PROBED THE WRONG SCREEN. msg 25 is back on. ***
          v231's probe was read on the IN-FLIGHT screen (Current Life / Current Game) - which is
          session state the CLIENT computes - so it showed nothing and v233 wrote msg 25 off. The HQ
          SCORES screen is a DIFFERENT consumer: it has "Latest | Career" columns, and it DISPLAYS
          THE RANK. Rank is score+0x30 = exactly f0 of the msg-25 block, so that screen provably
          reads the very structure msg 25 writes, and the other 19 fields should fill its rows.
          The field WIDTHS from FUN_004f4570 line up with it almost row-for-row:
              f0  u8      = Rank                      (CONFIRMED)
              f7  u8      = small counter             (Kills In A Row?)
              f8  u8      = Aces                      (CONFIRMED)
              f9,f10 u32  = the ONLY 32-bit slots     -> Fighter Score / Bomber Score
              f1..f6, f11..f19 u16 = Planes Lost, Lost Pilots, Kills/Fighters/Bombers, AI section
          SEND_STAT_BLOCK_25=True, STAT25_PROBE=True (f_i = i; f0/f8 keep the real rank/aces).
          *** READ THE HQ SCORES SCREEN, NOT THE IN-FLIGHT ONE: whichever row shows N is field N. ***
v235: *** WE TOLD THE PEER TO DELETE THE VERY PLANE THAT VANISHED. ***
      The msg-3 delete-notify is [.. sub=0x03][ONumber u16 LE][exit][tail...] - and
      _ingame_own_object_removed NEVER CHECKED which object it names. It just assumed the sender's
      own plane. Live proof (run 095012), 3 seconds after Test2 respawned from the kill:
          Test2 -> [00320000|030101]   = "delete object 0x0101"
      In that run Test2 was object 0x0100 and AC2E_Bigalon was 0x0101 - so this is TEST2'S CLIENT
      DROPPING BIGALON'S PLANE from its own world (a routine peer-view cleanup). We read it as
      Test2's own plane removal and:
         1. broadcast DELETE3 for TEST2's object (0x0100) to Bigalon -> Bigalon's client dutifully
            deleted Test2 -> *** TEST2 DISAPPEARED FROM THE GAME WORLD ***
         2. cleared Test2's `flying` flag -> the telemetry relay stopped as well.
      The real kill's delete 3s earlier correctly named 0x0100 (Test2's own), which is why the
      handler had always seemed to work - it was right by luck whenever the client only ever deleted
      its own plane.
      FIX: read the ONumber at stored[5:7] and compare with s.my_obj_number BEFORE doing anything.
        * matches  -> the sender's own plane: existing death/exit path, unchanged.
        * a PEER's -> the sender dropped that peer from its world. Do NOT touch the sender's plane.
                      Discard the sender's addr from that peer's _created_peers so the relay
                      RE-CREATES the peer's object on it (otherwise the sender would never see that
                      peer again). New PEERDEL log channel.
        * nobody's -> swallow and log.
      This also fixes the mirror bug nobody had noticed: a client dropping a peer used to silently
      never get that peer re-created.
v234: *** TELEMETRY OPCODE 0x08 - the 'remote plane disappeared' bug. ***
      The flying-state update is [bc][T][00][00][OPCODE][tick u16][ONumber u16][state...] and the
      client emits TWO forms with an IDENTICAL header:
            0x07 -> one position sample            (sz 98)
            0x08 -> the same + one extra 9B sample (sz 107)
      relay_telemetry only ever matched 0x07. Live proof (run 092257) - the exact moment it broke:
            09:35:52.845   05 62 00 00 07 f1c4 0101 ...   <- relayed
            09:35:53.387   05 f2 00 00 08 6bc4 0101 ...   <- SILENTLY DROPPED
      From that instant AC2E_Bigalon's telemetry was not recognised at all, and TWO things failed -
      together they are exactly the reported symptom:
        1. His updates stopped reaching Test2.
        2. Worse: we harvest each player's CONDUCTOR TICK from their telemetry and use it to
           re-stamp what we relay TO them. Bigalon's tick FROZE at 13868 and never advanced, so we
           kept relaying Test2's telemetry stamped with a DEAD tick. Bigalon's client saw Test2's
           updates as ever-more-stale and dropped them -> TEST2 VANISHED FROM HIS WORLD, ~3 minutes
           after the freeze, with nothing in the log saying a word.
      This was NOT a v233 regression - the 0x07-only filter is old; it just needed the client to
      switch forms mid-flight to expose it. Both forms have the tick at [5:7] and ONumber at [7:9],
      so 0x08 relays exactly like 0x07 and the extra block is forwarded verbatim.
      FIX: TELEM_OPCODES = (0x07, 0x08).
      HARDENING: never re-stamp with a stale tick. If a peer's last_telem_time is older than
      STALE_TICK_WARN_S (3s) we log a loud STALE-TICK warning and leave the sender's own tick in
      place rather than poisoning the packet. A frozen conductor tick can never again fail silently.
v233: SCORING SUBSYSTEM FINALISED. Cleanup + the one improvement the RE handed us for free.
      (1) EXACT KILL ATTRIBUTION. The victim's own client NAMES ITS KILLER: the delete-notify exit
          entry carries the HUNTER object number at entry+3 (proven live - Test2's shot-down entry
          `01 01 | 53 | 00 01 ...` -> hunter 0x0100 = 256 = Bigalon). score_on_death now credits the
          pilot who owns that object, which is correct for ANY number of players. The old
          'most-recent shooter within KILL_CREDIT_WINDOW' guess survives only as a fallback for when
          no hunter is present. Both paths are logged (attribution: EXACT / FALLBACK).
      (2) msg 25 + PROBE OFF (SEND_STAT_BLOCK_25=False, STAT25_PROBE=False). The probe did its job:
          it PROVED the scores screen consumes only f0 (rank, score+0x30) and f8 (aces, score+0x50)
          from the 20-dword block; f1..f19 display nothing. So msg 25 cannot drive the per-life
          counters, and sending it would only zero 18 score fields we never identified, for no gain
          (msg 88 already sets rank+aces). Code + findings kept, disabled.
      (3) took_damage is now cleared on EVERY spawn unconditionally. It was nested inside the
          SEND_ACE_RANK_88 block, so turning that flag off would have latched the damage flag and
          made every clean exit count as a death again.

      WHERE THE SUBSYSTEM LANDED (honest):
        WORKS - DB career scoring (kills/deaths/score), the 13-rank ladder (rank displays and updates
                in-game), server-authoritative live aces (5 kills without dying; death wipes them),
                correct death counting (damaged exit = death, clean ground exit = not), and the
                in-game KILL ANNOUNCEMENT by name ('AC2E_Bigalon destroyed GBR Cdt Test2').
        KNOWN LIMITATION - the numeric per-life 'Current Life / Current Game' HUD counters. Full RE
                established these are computed by the CLIENT's mission-scoring code from its own
                damage bookkeeping. No server->client message sets them: msg 25 does rank+aces only,
                and both ExitDataArrive (MEC=5) and ScoreEvent (MEC=1) route to FUN_00478640, which
                is announcement-only. The victim's hit list IS populated (its client logs
                'HitFrom(Number=256 ... Value=425)') but its exit serialises Hits=0 after the
                damage-share/age filter. Under the server-only constraint these counters appear
                genuinely unreachable. Documented, not worked around.
        ALSO KNOWN - a solo crash of an UNDAMAGED plane emits no msg 28, so the server can't see it
                and won't count it. Closing that needs the telemetry damage-percentage field.
v232: FALSE DEATHS ON A CLEAN EXIT - fixed properly, and an admission about the previous approach.
      *** A CRASH AND A CLEAN GROUND EXIT ARE IDENTICAL ON THE WIRE. *** Proven from the logs:
        - Both send MissExitCode 26 (the client's OWN untruncated log says so for both), and MEC is
          truncated to 4 bits in (MEC<<4)|SE anyway, so 26 and 10 collapse to the same nibble.
        - Both are followed 1ms later by the same sub=0x3a plane-catalog request.
        - NEITHER produces a leave-arena event: exit-to-HQ sends NO msg 64. Run 081106 contains ZERO
          back-to-lobby events.
      So v225-v231's "defer the death 4s and cancel if they leave the arena" could NEVER cancel -
      there was no leave to observe. Every exit confirmed as a death and the count climbed forever.
      That heuristic was wrong from the start; it only ever appeared to work by luck.
      THE REAL RULE (as the user described it, and as the client implements it) is about DAMAGE, not
      the exit code: exit while DAMAGED and it counts as a death - the game even warns you - while
      sitting undamaged on the ground and exiting is clean and silent.
      FIX: track damage from the one signal we actually have. msg 28's record is
      [VictimNumber i16][HunterNumber i16][count u8]+count*9B (HitToPlaneCB, FUN_004f3820), so the
      relay now marks the VICTIM's session took_damage=True; it is cleared on every fresh spawn. A
      solo MEC-26 exit then counts as a death only if the plane was damaged. A SHOT-DOWN (the long
      form, which names the HUNTER outright) is unambiguous and still always counts.
      The DEATH_CONFIRM_DELAY deferral is removed entirely.
      KNOWN GAP (stated honestly): a solo crash of an UNDAMAGED plane - flying into the ground with
      no enemy fire - produces no msg 28, so the server cannot see it and will not count it. Closing
      that needs the plane's damage percentage out of the telemetry stream (the HUD's
      "Approx.Damage"), which is the next thing to decode.
v231: CALIBRATING THE STAT BLOCK + two fixes from the v230 probe run.
      (1) *** f0 IS THE RANK. *** FUN_004f65a0 does `lea ebx,[ebp+0x30]` before calling FUN_004f4570,
          so the 20 fields are the dwords at score+0x30 .. score+0x7c. msg 88 (FUN_004f4120) writes
          score+0x30 = rank and score+0x50 = aces, therefore:
                f0 -> score+0x30 == RANK   (CONFIRMED the hard way: v230 put deaths=22 into f0 and
                                            the client announced the highest rank - it clamps >12)
                f8 -> score+0x50 == ACES   (0x30 + 8*4 = 0x50)
          Two slots down, eighteen to go - so v231 adds a PROBE mode (STAT25_PROBE): every unmapped
          slot is sent the value of its own index (f1=1, f2=2 ... f19=19) while f0/f8 keep the pilot's
          REAL rank/aces. One look at the scoreboard then maps the entire block: whichever row reads
          N is field N. Set STAT25_PROBE=False once STAT25_MAP is filled in.
      (2) FALSE 'lost plane' on EXIT-TO-HQ: v229 added MEC nibble 0x2 to DEATH_MEC_NIBBLES on a guess
          (it appeared in the 0x2d exit of a kill). But EXIT-TO-HQ also uses MEC 2, so parking an
          undamaged plane and leaving was logged as a lost plane. REMOVED - the 0x2d kill is caught
          by the `scored` (>=14B) check before that set is ever consulted, so nothing is lost.
v230: *** FOUND THE SCOREBOARD SETTER - msg 25 (0x19), server->client. ***
      The killer's client log (messages94) proved every earlier piece works: on a kill it logs
      "ExitDataArrive. Number=257. MEC=5, EEC=3. (Test2)", then "AC2E_Bigalon destroyed ... Test2"
      (kill recognised + announced by name), then "ScoreEvent. Number=0. MEC=1, EEC=3." (v224 msg-33
      decoding correctly). BUT the counters never moved - because BOTH the ExitDataArrive MEC=5 branch
      AND the ScoreEvent MEC=1 branch only call FUN_00478640 (the ANNOUNCEMENT). Neither writes a
      displayed counter.
      THE ACTUAL SETTER is dispatch slot 25 (0x19) -> FUN_004f65a0 (registered at 0x4f14bd:
      mov [0xc81f3c],0x4f65a0; (0xc81f3c-0xc81ed8)/4 = 25). It matches the GamerClientScore by
      PlayerIndex, then FUN_004f4570(score+0x30, payload+5) unpacks 20 FIELDS straight into the score
      object - THE Current Life / Current Game stat table. We never sent it, so the columns were
      always blank no matter what else we fixed.
      Wire: [0x19][PlayerIndex u32 LE] + 41-byte packed block (u8,6xu16,2xu8,2xu32,9xu16).
      v230 adds build_stat_block_25 / send_stat_block_25 (DB-backed) and sends it at spawn and after
      each kill/death, alongside msg 88. Reconciles with v220: the client's inbound 'out 25' is a
      SHORT 7-byte notify (still swallowed - echoing it caused the garbage-ace announcements); the
      41-byte SERVER->CLIENT msg 25 is the setter, a different direction of the same id.
      The exact slot->stat mapping (STAT25_MAP) is a first guess from the manual's row order; the plan
      is to read the HUD and correct it from what actually moves.
v229: *** THE EXIT TAIL IS NOT FILLER - it carries the HUNTER. This is why kills never registered. ***
      Live capture of Test2 being shot down by Bigalon (run 073215):
          [00e20000|03010153] +00010000000000000c00
            03 | 01 01 | 53 | 00 01 | 00 00 | 00 00 00 00 | 0c
           sub   id=257  exit  ^^^^^                         PPT type
                                HUNTER = 0x0100 = 256 = Bigalon's object!
      The victim's client TELLS US who killed it, at entry+3. And ExitDataArrive calls FUN_004f8d10
      on EVERY 12-byte form BEFORE the MEC switch, and that parser READS the tail:
          entry+0 u16 id | entry+2 u8 exit | entry+3 u16 HUNTER | entry+5 u16 | entry+7 u32 |
          entry+11 u8 PPT type
      v228 (and build_scored_delete_object_3 long before it) ZERO-FILLED those 9 bytes, on the false
      claim that "the tail isn't read on the MEC=5 path". So the killer's client received hunter=0
      and had nothing to credit. The kill was announced at best, never counted.
      FIX: relay the victim's ORIGINAL entry VERBATIM. It sits at stored[5:5+size] in the client's own
      delete-notify ([sub 0x03][id u16][exit][tail...]), and now goes to EVERY peer including the
      killer - the special zero-filled 'scored delete' is demoted to a fallback for when no real entry
      is available. Entry length still comes from EXIT_EEC_ENTRY_SIZE so the parse loop can't desync.
      ALSO: the real SHOT-DOWN exit codes are finally known - 0x53 (MEC 5 | EEC 3) and 0x2d (MEC 2 |
      EEC 0xd) - so MEC nibbles 5 and 2 join 0xa (crash) in DEATH_MEC_NIBBLES. The EXITTAIL/POST-AUTH
      logs now print the decoded hunter id.
v228: *** EXIT-TAIL DELETE - the in-game statistics feed. ***
      Decoded ExitDataArrive (FUN_004f8f20, the object's vtable+0x10). Two facts settle everything:
        1. The type-3 handler (FUN_007e3bb0) only CALLS ExitDataArrive when the entry carries MORE
           THAN 2 BYTES after the object id. Our peer delete was a BARE [id:2] - so the method was
           SKIPPED, the plane silently vanished, and NO statistics were ever touched. That is why
           kills, deaths and planes-lost all stayed 0 in the HUD / Current Life / Current Game.
        2. ExitDataArrive decodes EEC = b & 0xf, MEC = b >> 4, and RETURNS THE ENTRY SIZE, chosen
           by EEC:  0/1 -> 3,  2 -> 4,  3/4/5/7/8/9 -> 12,  0xc -> 4,  0xd -> 13,  0xe -> 6.
           The size we send MUST match or its parse loop desyncs and walks off the entry (peer CTD).
           On the 12-byte forms MEC then selects: 4 -> kill announcement (with names);
           5/6/0xb -> FUN_00478640, the MISSION EVENT that drives scoring.
      FIX: build_exit_delete_object_3() emits [03][X f32=0][Z f32=0][id u16][EXIT byte][filler], with
      the length taken from EXIT_EEC_ENTRY_SIZE (the handler's own table). The victim's REAL exit
      byte - (MissExitCode << 4) | ScoreEvent, straight off its own delete-notify - is threaded from
      _ingame_own_object_removed into broadcast_object_delete_3 and sent to ALL peers.
      Broadcast to everyone (not just a guessed killer) is deliberate: on the MEC 5/6/0xb branch each
      client credits the kill from its OWN local damage list, so every peer must see the exit.
      The killer still gets the proven 0x53 SCORED delete; an unknown EEC falls back to the bare
      delete rather than risk a desync. New knob EXIT_TAIL_DELETE_TO_PEERS, new EXITTAIL log channel.
v227: DECODED the delete-notify's trailing byte properly. It is NOT a bitfield - it is exactly the
      byte Msn_Exit.cpp (FUN_0045d930) builds:   EXIT = (MissExitCode << 4) | ScoreEvent
      (MEC is truncated to 4 bits on the wire, so the nibble is MissExitCode & 0xf.)
        0xa0 -> MEC&0xf=0xa, SE=0 : MissExitCode 26 = CRASH. (26<<4)&0xff == 0xa0, an exact match
                                    for the client's own "MissExitCode=26, ScoreEvent=0" log. DEATH.
        0x11 -> MEC&0xf=0x1, SE=1 : re-fly / plane swap. PROVEN in run 070240 - the player was ALONE
                                    in the arena (so it cannot be a shot-down) and the StartPlace
                                    request arrives 22ms BEFORE the removal.          NOT a death.
      v225 gated on "bit 0x80 set", which gave the right answer for a crash but only by coincidence
      (0xa0/0x80 happen to have bit 7). v227 classifies on the MEC nibble (DEATH_MEC_NIBBLES) and
      LOGS the decode for every removal, so unseen codes - notably a real SHOT-DOWN MEC, still never
      observed - can be read straight out of the logs and added.
      The 4s deferral stays: a crash and an EXIT-TO-HQ carry the SAME byte (both MEC 26) and differ
      only by what follows, so the solo death is confirmed only if the player stays in the arena.
      ALSO CONFIRMED (Msn_Exit.cpp): when IsDelete=1 the client does NOT send msg 33 at all - the
      exit data is stored via NetworkBody::SetBody (FUN_0045caf0) and rides as the AddData BODY of
      the DELETE message. That is why run 070240 contains ZERO type=0x21 messages: msg 33 only goes
      on the wire when IsDelete==0. So the v226 ExitEvent relay will rarely/never fire for crashes,
      and the in-game stat feed must instead come from the exit tail carried on the DELETE.
v226: *** RELAY THE EXIT-EVENT (msg 33) - why NOTHING (kills, deaths, planes lost) ever ticked. ***
      Found the client's OWN sender for msg 33: Msn_Exit.cpp, FUN_0045d930. It emits
        DAT_00c82350 = 0x21 -> [0x21][AddData][Number u16][(MissExitCode << 4)|ScoreEvent][nHits +
        8-byte hit records: [u16][u32][i16 damage share]]
      Two consequences:
        (a) It packs the type byte as (MEC << 4) | ScoreEvent - INDEPENDENTLY CONFIRMING the v224
            nibble order (MEC high, EEC low). v224 was right.
        (b) msg 33 IS THE EXIT-EVENT, and it carries a HITS LIST: the dying plane reports who hit it
            and each hitter's damage share. That list is FA's kill-attribution mechanism, and the
            receiving handler (0x004f9ae0) is what ticks each client's Current Life / Current Game
            statistics.
      v222 added 0x21 to NO_ECHO_TYPES to stop it being blind-ECHOED to the SENDER (that echo fed the
      client its own 0xFFFF object index -> ARR<NET::OBJECT*,2048>[65535] bounds CTD). That was
      right - but "don't echo to the sender" is NOT "don't relay to the peers", and we were dropping
      it entirely. So NO client ever received an ExitEvent and NO stat pipeline ever ran, which is
      exactly why kills, deaths AND planes-lost were all stuck at 0 in the HUD and session stats.
      FIX: RELAY_EXIT_EVENT_33 - relay the message VERBATIM to every other player in the room (never
      back to the sender). New EXIT33 log channel dumps the raw bytes so the exact field layout can
      be confirmed from the next run.
v225: FALSE DEATHS - one crash was being counted THREE times. v222 made every own-plane removal a
      death; it isn't. The msg-3 delete-notify payload ends in a REASON byte
      ([.. 0x03][ONumber u16 LE][REASON]) and run 004058 shows three distinct cases for what the
      user reported as a SINGLE crash:
        00:42:19  reason=0xa0  -> the real crash                                    (count it)
        00:44:07  reason=0x11  -> RESPAWN handoff: the client drops its old plane as it takes a
                                  new one. The StartPlace GRANT lands in the SAME MILLISECOND
                                  (log lines 1146 -> 1148).                          (NOT a death)
        00:44:24  reason=0xa0  -> EXIT-TO-HQ: identical on the wire to a crash, but followed ~3s
                                  later by 'back to lobby' (00:44:27.756).           (NOT a death)
      FIX: bit 0x80 of the reason byte = plane DESTROYED (0xa0/0x80 set; 0x11/0x22 clear), so the
      respawn handoff is now never a death. A solo DESTROY is still ambiguous (crash vs exit-to-HQ
      look the same at that instant and differ only by what FOLLOWS), so its death credit is
      DEFERRED by DEATH_CONFIRM_DELAY (4s) and CANCELLED if the player leaves the arena in that
      window. A respawn does NOT cancel it - a genuine death respawns ~2s later, so cancelling on
      respawn would erase every real death. A SHOT-DOWN (long >=14B scored form) is unambiguous and
      is still credited immediately. New knobs: DEATH_DESTROY_BIT, COUNT_EXIT_TO_HQ_AS_DEATH,
      DEATH_CONFIRM_DELAY. New DEATH log channel shows deferred / CONFIRMED / CANCELLED.
v224: *** msg-33 ScoreEvent NIBBLES WERE SWAPPED - this is why kills never showed in the HUD /
      in-game statistics. *** Decoded the handler (0x004f9ae0, VNet_Rcv.cpp; it logs
      "ScoreEvent. Number=%i. MEC=%i, EEC=%i."):
          [0]=0x21  [2:4]=u16 PlayerIndex  [4]=TYPE byte: HIGH nibble = MEC, LOW nibble = EEC
      We were emitting ((eec<<4)|mec), so MEC=1/EEC=3 went out as 0x31 and the client decoded it as
      MEC=3, EEC=1 - the exact swap. EEC==1 is the ANNOUNCE-ONLY branch: it asserts MEC in {2,3}
      (which 3 satisfied, so it never even errored), prints the kill message via string 0x83, then
      JUMPS PAST the scoring code. So every kill produced at most a chat announcement and NEVER
      reached the mission-event/stat path - kills stayed 0 in the HUD forever.
      FIX: emit ((mec<<4)|eec). With MEC=1/EEC=3 the type byte is now 0x13, which takes EEC!=1 ->
      FUN_004f8d10 -> MEC==1 -> FUN_00478640(mission event 0x26) + score_obj+0x2fc=1. MEC=1 matches
      the client's own scored exit ("MissExitCode=1, ScoreEvent=1" for a shot-down vs 26 for a solo
      crash). New tunables SCORE33_MEC / SCORE33_EEC, and both the log line and the TX label now
      print the resulting type byte so the wire value can be checked at a glance.
      VERIFY IN THE CLIENT LOG: the killer's messagesNN.log should now contain
      "ScoreEvent. Number=<PI>. MEC=1, EEC=3." - previously that line never appeared at all.
v223: RANK LADDER (score -> rank) + death score penalty. Kills add points, deaths subtract them, and
      the RANK is recomputed from the new score and re-stated to the client via msg 88.
      RESEARCH (FA.exe + the official Fighter Ace manual, "The Scores Screen" p64):
        * POINTS PER ACTION already come from msg 96 SCORE_TABLE
          (ARR<FA3::SCORE::DYNAMIC_OBJECT_SCORE_DEF,256>, records [obj_type][score][kills][?]) which
          the SERVER supplies - the manual confirms the mission log "details the number of points you
          received for each action". So per-target point values are ours (build_score_table_96).
        * RANK IS SERVER-AUTHORITATIVE. Rank is an INDEX 0..12 (13 ranks); the client hard-clamps it
          (FUN_00428770: `if (0xc < rank) rank = 0xc`) and renders the NAME ITSELF from its own
          localized string array (table 0xbf666c, stride 8 -> string index 0x303 + 2*i, via
          PARR<char const*>::operator[]); those strings aren't even in FA.exe. An exhaustive scan of
          .data/.rdata found NO score->rank threshold table in the client - the original VR-1 host
          computed rank and pushed it in msg 88's rank byte. So WE define the ladder and only ever
          send the INDEX. RANK_NAMES here are cosmetic (logs/web admin) only.
        * The manual CONFIRMS the v222 ace rule verbatim: "Kills In A Row - enemy planes destroyed in
          secession without having your pilot killed or captured" and "Aces - For each five 'Kills In
          A Row', you are awarded one 'Ace'."
      NEW: RANK_THRESHOLDS[13] (min career score per rank), RANK_NAMES[13] (cosmetic),
      DEATH_SCORE_PENALTY (default 50), rank_for_score(score) -> 0..12, and db_apply_score_delta()
      which adds/subtracts points (floored at 0), recomputes the rank and persists both. score_on_death
      now calls db_credit_kill with points=0 (counters only) and routes ALL score changes through
      db_apply_score_delta, so points are never double-added. Promotions/demotions are logged (RANK).
v222: DEATHS NOW COUNT + SERVER-AUTHORITATIVE LIVE ACE RULE.
      (1) THE BUG: score_on_death() opened with `if len(death_payload) < 14: return`. A SOLO CRASH
          arrives as the SHORT 8-byte delete-notify (tb=0x42 sub=0x03, [00420000|030001a0]) - only
          a shot-down-by-someone death uses the 14-byte form. So every self-crash was DISCARDED:
          no death counted, ace status untouched ('I crashed, it should have taken my ace - it
          didn't'). Now BOTH forms count as a death for the victim; only the KILLER-attribution
          needs the long form.
      (2) LIVE ACE RULE, server-authoritative (LIVE_ACE_TRACKING): FA awards an ace for
          ACE_KILLS_PER (5) kills WITHOUT dying, and DYING WIPES YOUR ACES. The server now owns
          this end-to-end: the DB `aces` column is the single source of truth (seeded by the web
          admin editor), a per-session `kills_since_death` streak counter drives the awards
          (db_set_pilot_aces), and every change is re-stated to the client via msg 88 - pushed on
          daemon threads so the blocking reliable send never stalls the RX path.
      (3) NO_ECHO_TYPES: msg 33 (0x21) SCORE-EVENT arrives with its id in the TYPE byte and
          sub=0x00, so the sub-byte NO_ECHO_SUBS check never matched it and it was being
          BLIND-ECHOED ('cmd=0 type=0x21 sub=0x00 -> echo', run 104546) despite 0x21 already being
          listed there. Added a TYPE-byte guard; the client's own score report is now consumed, not
          reflected (same class of bug as msg 25 in v220).
      RESOLVED v325 - NOT a missing setter. The columns were blank because the ARENA did not have
      "scoring enabled" ticked; with it on, the global stats populate in game. See v325. Do NOT
      spend RE effort on a score-object kill/death setter - there isn't one to find.
v221: STORED ACE STATUS. Added an `aces` column to the pilots table (INTEGER, default 0, with an
      ALTER-TABLE migration for existing DBs) and exposed it in the web admin Pilot Stats editor.
      db_get_pilot_career() now returns (score, kills, deaths, rank, aces) and send_ace_rank_88()
      pushes the STORED ace value instead of deriving it from kills (pilot_aces()). Rationale: FA's
      LIVE ace status is a CLIENT-side session rule - 5 kills without dying, reset on death - which
      the server must not try to compute or persist. What the server owns is the pilot's PERSISTENT
      career ace standing, which msg 88 states authoritatively (score obj +0x50, a u8; rank is +0x30).
      pilot_aces()/ACE_KILLS_PER are retained but no longer used by the 88 sender.
v220: SCORING - fix the bogus 'new Ace Status'/'new Rank' announcements on team-change reentry, by
      NOT echoing msg 25 (0x19). Root cause found from Test2's client log (messages46) + our server
      log: the client sends msg 25 (0x19) = an ace/rank/score STATE REPORT (client->server, fire-and-
      forget). It arrives compound-wrapped (and sometimes direct); msg 25 was NOT in the no-echo set,
      so it fell through to the 'unknown inner -> echo inner' default. The echoed 'in 25'7' made the
      client re-ingest its OWN report as authoritative and re-evaluate ace/rank against its current
      (garbage/stale at a team-change spawn) stat state -> the bogus announcements. The EVENT fires on
      the same log line as the echoed 'in 25'7', only when it lands right after InsertPlayer (spawn) -
      exactly the 'sometimes garbage, sometimes clean' the user reported. Fix: add 0x19 to BOTH the
      compound no-echo set and the direct-path NO_ECHO_SUBS. msg 25 is consumed, never echoed.
      This is the culmination of Project A (Steps 1-3): the two scoreboards were identified
      (GAMER_CLIENT personal + CAMP_SCORE_PRODUCTION_DATA[8] nation), the score object was found to
      be zeroed at creation (so garbage was NOT uninitialised memory), and the true trigger was our
      own echo of the client's msg-25 report. Also retained: v218/v219 spawn-time msg 88 (sets
      aces/rank once the object exists) + DB career plumbing.
v219:
v219: SCORING - push the pilot's REAL career aces/rank from the DB, at the TEAM/ROOM change (not just
      at spawn), and never zero it. v218 proved msg 88 works (it reset Test2's aces to 0), but the
      garbage + the client's 'new ace status' announcement (29 aces) fire AT THE TEAM CHANGE, before
      the spawn-time 88 lands. The client's GamerClientScore object PERSISTS across a team change and
      its aces (+0x50) / rank (+0x30) are written ONLY by msg 88, so unless the server states them at
      the transition the client announces whatever uninitialised memory it holds.
      v219: (a) new db_get_pilot_career() -> (score, kills, deaths, rank) + pilot_aces() (career
      kills // ACE_KILLS_PER); (b) send_ace_rank_88 now RE-READS the DB career values every send
      instead of taking hardcoded zeros - a team or room change RESTORES the pilot's real standing
      rather than wiping it; (c) new _push_career_stats_88() fired on BOTH team-change branches (join
      and leave) as well as the existing spawn hook.
      RESOLVED v325 - NOT a message/RE problem at all. The garbage/blank kills / deaths /
      lost-planes / lost-pilots columns were an ARENA CONFIG issue: the arena did not have
      "scoring enabled" ticked. With it on, the global stats list correctly in game. The
      FUN_004269a0 / FUN_00428360 "needs its own authoritative setter (deeper RE)" guess above
      was WRONG - do not chase it. See v325.
v218:
v218: SCORING - fix the garbage aces/rank on the scoreboard (msg 88 AceOrRankChangedCB). Test2
      swapping USA->GBR and re-entering showed garbage stats (e.g. '96 Aces', bogus rank). Root
      cause (decompiled FA.exe FUN_004f4120): the score object's aces (score+0x50) and rank
      (score+0x30) fields are written ONLY by msg 88 (VNET table 0xc81ed8 slot 88), which we never
      sent - so they held whatever the freshly-allocated GamerClientScore object had. Added
      build_ace_rank_88 / send_ace_rank_88 (wire: [0x58][PlayerIndex u32][aces u8][rank u8], wrapped
      in a msg-13 batch) and send an authoritative 88 (aces=0, rank=0) on each spawn from
      _fire_server_confirm (after the score station exists). Toggle SEND_ACE_RANK_88. NOTE: this
      fixes ACES/RANK only; the kills / lost-planes / lost-pilots garbage (other score-object
      offsets) is a separate init still to be traced (step 2b) if the test shows it persists.
v217.2:
v217.2 (STEP 2 of 2): with the SYNACK cap fix (step 1) confirmed stable, flip RTT_SAMPLING=True to
      re-enable client-side RTT sampling. The ring is now genuinely bounded at 32 (cfg[0x40] finally
      delivered at packet byte 88), so next_exp=seq+1 samples RTT each ACK safely and the System
      Status / HUD latency becomes a live moving average over the last 32 samples (jitters like 2009)
      instead of frozen at the connect value. This is what v216 attempted; it crashed only because
      the cap wasn't reaching the client (the byte-88 misalignment fixed in step 1). TEST FOCUS:
      multiple game-world reentries (the old CTD trigger) - confirm NO CTD while latency now moves.
      Instant revert available: RTT_SAMPLING=False falls back to the stable frozen-latency behavior.
v217:
v217 (STEP 1 of 2): FIX the SYNACK config byte-alignment so the RTT ring cap actually reaches the
      client. Root cause of the re-entry CTD (and of v216's immediate crash): the client copies its
      68-byte net-config from SYN-section+0x10 = WIRE BYTE 24, so it reads the RTT-ring CAPACITY from
      cfg[0x40] = packet BYTE 88. Our config block is written at byte 16 (8 bytes early) and the
      packet was only 84 bytes, so byte 88 was OUT OF BOUNDS -> the client used 0/garbage as the cap
      -> the RTT sample ring was unbounded and, once a sample was taken, overran the 32-slot region
      into the delivery-callback pointer (ring index 64 == struct+0xcc) -> CTD. v215 avoided it only
      by suppressing sampling (next_exp=seq+2); v216 re-enabled sampling onto the unbounded ring and
      crashed on the first sample.
      FIX (minimal, protects the v215 baseline): extend the SYNACK 84 -> 92 bytes and write the RTT
      cap (32) at the TRUE location, packet byte 88 == cfg[0x40]. The existing config block at byte
      16 is left BYTE-FOR-BYTE UNCHANGED, so the only value the client now sees differently is the
      cap (out-of-bounds 0 -> 32). STEP 1 keeps RTT_SAMPLING=False, so this change is INERT (the ring
      never advances) - its sole purpose is to confirm the 92-byte SYNACK doesn't disturb connect and
      the game stays as stable as v215. STEP 2 will flip RTT_SAMPLING=True now that the ring is truly
      bounded, to get real-time latency without the CTD.
v216.1:
v216.1: REVERTED v216's RTT-sampling attempt (RTT_SAMPLING=False). Re-enabling sampling via
      next_exp=seq+1 REGRESSED: CTD on the 4th respawn AND latency still L:0.00 on both machines - so
      it re-armed the RTT-ring overflow without even producing live latency. The RTT_RING_CAP=32 in
      the SYNACK config does not bound the sampler ring the way the isolated FUN_10006f55 index-wrap
      implied. Back to the stable v215 behavior: latency frozen (cosmetic) but NO CTD. Real-time
      latency will need a route that does NOT advance that ring. Baseline restored = v215/v216.1.
v216:
v216: REAL-TIME LATENCY - re-enabled RTT sampling (was frozen since the CTD fix). The System Status
      'latency' had been fixed at its connect-time value because our build_rel_ack used next_exp=seq+2,
      which deliberately SUPPRESSED the client's RTT sampling to avoid the old 3rd-reentry CTD (the
      RTT ring overflowing at index 64 into the delivery-callback pointer at +0x2042c). That CTD is
      now structurally impossible: v209's RTT_RING_CAP=32 (SYNACK config) makes the sampler
      (FUN_10006f55) wrap the ring index at 32, so ring writes stay in struct 0x4c..0x8c, far below
      the index-64 callback slot. With sampling safe, next_exp=seq+1 lets the client take an RTT
      sample per ACK; the displayed latency is a moving average over the last 32 samples, so it
      JITTERS in real time like 2009 (instead of a frozen number). Single toggle RTT_SAMPLING=True;
      set False for an instant revert to the frozen-but-safe v215 behavior. Everything else is
      identical to the stable v215 baseline. TEST FOCUS: multiple game-world reentries (the old CTD
      trigger) - confirm NO CTD returns while latency now moves.
v215:
v215: THE REAL IN-GAME TIME KEEPER - STATUS packets (found via the user's session-timer clue). The
      System Status window's session clock was stuck at 0:00; that window (bytes/sec, loss%, latency,
      SESSION TIME) is fed by a two-way 'Game Status Message' STATUS exchange SEPARATE from the NTP
      time sync, which WE NEVER DROVE (so all its fields read 0). Decoding it revealed the missing
      mechanism: when the client processes a STATUS request it calls FUN_10007d13 ('STATUS Update
      server base time'), which ADDS the packet's base-time increment to the NET-time BASE
      (DAT_1001d0b0) via FUN_100079c4. That base is the value we'd PROVEN was otherwise connect-only
      (set-base is gated behind a state-1 SYN the in-game dispatcher rejects). So the STATUS packet
      is how the server ADVANCES the client's base mid-game - which defeats the 262s wrap of the
      18-bit A field (base advances -> base+A tracks real time -> A's wrap stops mattering). This is
      almost certainly how the 2009 server kept in-game time; our one-way NTP beacon was a wrong
      substitute that wrapped and, during a resync, impersonated a ping reply (v214's freeze).
      v215 adds build_status_request (DATA section, sub_type=4, base-increment @ wire 8, status
      counters, seq) and sends one every STATUS_INTERVAL_S (2s) in-game with base-increment = elapsed
      ms since the last STATUS. connid captured from the client's own packets (STATUS/CONNID log).
      Beacon kept ON for now (belt-and-suspenders while we confirm STATUS works). SUCCESS SIGNAL:
      client logs 'New server base time', the System Status session timer counts up (was 0:00), and
      the flight survives past the old 262s wrap point. If confirmed, the beacon can be retired.
v214:
v214: TIME-SYNC PROTOCOL REWORK (full vcncNet decode). Built a complete model of the client's
      time/heartbeat/connection layer from Ghidra:
      - recv-thread loop (proc @0x10006357, spawned by FUN_1000630c): every ~125ms it runs the
        time-sync scheduler FUN_100091b7(now), then recvfrom -> dispatcher FUN_100032da.
      - CONNECT sync: vcncConnect (FUN_1000b084) calls IOCInitializeTimeSynchronization(level=2)
        (FUN_10009407): a BLOCKING two-way sync - it sends 12-byte pings (FUN_100090e4, flag 0x40 ->
        wire byte[2]=0x80) and needs 4 valid replies (d664=4); 33 pings w/ 0 replies -> d660=5 (FAIL)
        -> then it REBINDS to a 'unique port' (FUN_100032b2) and retries. level 0 would instead set
        d660=3, offset=0 (trust local clock) and never ping - but that's a client-side vcncOpen value
        (DAT_1001f85c=2), not server-settable.
      - IN-GAME: the scheduler resyncs (state 3->2, pings every 2s) whenever the last time sample
        (d630) is staler than the drift window (d65c, 8s..17min). The two-way ping/reply is the
        client's intended in-game time source AND its latency measurement (HUD 'L:').
      - Our one-way beacon both (a) SUPPRESSED that resync (kept d630 fresh) and (b) wrapped at 262s.
        v213 (no beacon) let the client resync, but its pings 'weren't received' -> sync FAIL -> -2
        freeze.
      ROOT-CAUSE CANDIDATE now fixed: on_pkt DROPPED packets from any addr not already in sadrs
      (get_s -> None -> return, SILENTLY). If the client moved its source port (the sync-fail
      'unique port' rebind, or NAT), its time pings arrived from an unknown addr and were dropped ->
      no reply -> 33 pings/0 valid -> d660=5 -> freeze. v214 adds: (1) RAW_RX_LOG to log EVERY inbound
      packet incl. unknown-addr ones, (2) _match_session_by_ip + port-move adoption so a 12-byte TIME
      ping from a moved port is matched to its session by IP, adopted, and ANSWERED. Beacons kept ON
      (IN_GAME_BEACON=True) for this diagnostic pass so we get a safe baseline while we see the raw
      inbound stream. Next: with the port-drop fixed, retry no-beacon so the client self-resyncs.
v213.1:
v213.1: REVERTED v213's no-beacon experiment. It froze on the FIRST game entry (run_220823):
      stopping the in-game beacons made the client's time sample go stale; it entered resync (sync
      state 2) and sent its own pings, but those pings NEVER reached the server (zero 12-byte
      data[2]&0x80 packets logged) and our sentinel keepalives weren't valid samples, so after ~33
      pings/~66s the client hit 'No response from server' -> sync state 5 -> vcncGetTimeState -2 ->
      game spun and froze. LESSON: the one-way TIME beacon is LOAD-BEARING - it is the client's sole
      in-game time source; the client does NOT self-resync via raw two-way pings the way v213 assumed.
      Back to IN_GAME_BEACON=True (v212 behaviour: survives to the 262s wrap). The wrap is still the
      real problem; the resync path is not the answer. Kept the RX/TIMEPING ping-logging for future
      diagnosis. build_keepalive/KEEPALIVE_S retained but dormant.
v213:
v213: NET-TIME FREEZE - the REAL fix (pure server-side), found via full Ghidra decode + the user's
      key observation that the game transmits constantly but receives almost nothing in-game. The
      client has a self-healing clock RESYNC (FUN_100091b7): when its last time sample (DAT_1001d630)
      goes staler than its drift window (DAT_1001d65c), it drops to sync state 2 and sends 12-byte
      two-way TIME PINGS (flag 0x40 -> wire byte[2]=0x80), and on the reply it CLEARS its sample ring
      (FUN_10007c9c) and RE-BASELINES the offset from scratch (first sample accepted unconditionally,
      FUN_100081be) - which absorbs ANY discontinuity (incl. the 262s A wrap) with no >32s slew, and
      the round trip MEASURES latency (the HUD 'L:'). Our 1s one-way beacons kept DAT_1001d630 fresh,
      so the client NEVER resynced -> the beacon's 18-bit A field wrapped at 262s as a raw step ->
      'CRAP backward NET Time' freeze (confirmed on CLOUD too, ~10min/2 wraps in run 180604); and
      one-way beacons have no round trip -> L:0.00/DL:0 even on cloud. FIX: IN_GAME_BEACON=False -
      stop the one-way beacons entirely. No beacon => no A field => no 262s wrap; and the client's
      native resync runs, re-baselining cleanly and measuring real latency. We already answer the
      0x40 pings (on_pkt sz==12 & data[2]&0x80 -> build_time_reply; format verified vs FUN_10007f06:
      A@8, STATUS_INDEX@12, echoed time-index@14). New RX/TIMEPING log marks in-game resync pings.
      Also confirmed via Ghidra: the base (DAT_1001d0b0) is set ONLY by set-base (connect config),
      and the in-game dispatcher (state 2) REJECTS SYN packets (the SYN flag bit IS the reject bit),
      so a mid-session base re-anchor is impossible - the resync path is the client's intended way.
v212:
v212: NET-time - v211 core fix CONFIRMED WORKING, harmful re-anchor removed. run_192643 proved
      v211 dropped the NTP clock offset from +245.8s to +0.75s (the client's 'Base' readout) and
      the client now SLEWS small steps ('Slewed? YES') instead of hard-failing. The residual freeze
      was v211's own 180s re-anchor: the mid-session SYNACK does NOT re-run the client's set-base
      (that path is connect-only), so resetting beacon A->0 while the base stayed fixed dropped
      server_time by ~elapsed and the client slewed ~100-180s and froze mid-slew (~57s after the
      re-anchor). FIX: disable the re-anchor (NTP_REANCHOR_S huge). Beacon A now climbs as
      elapsed-since-connect with offset ~0; sessions up to the 262s A-field wrap are clean. TODO:
      the 262s wrap for longer continuous sessions still needs the correct mid-session base-update
      mechanism (2009 ran for hours, so one exists - likely tied to the in-game WORLD_TIME re-init).
v211:
v211: NET-TIME NTP FIX (found via the HUD lag readout + full vcncNet disassembly). The 2009 HUD
      showed 'L:0.19' (real lag); ours shows 'L:0.00, DL:0' - the client can't measure latency, and
      the same broken time exchange causes the freeze. Disassembled the client's NTP path
      (FUN_10007fc0 decode -> tSyncAddMeasurement offset calc @0x1000833d): the client anchors its
      clock BASE from the SYNACK fa_s:fa_frac (set-base FUN_10007cef, ONCE), reconstructs
      server_time = base + beaconA/1000 - beaconB/1000, and computes offset = ((pT2-pT1)+(pT3-pT4))/2,
      lag = (pT4-pT1)-(pT3-pT2). We sent A as an ABSOLUTE phase (v207: (unix-FA_EPOCH)ms & 0x3FFFF),
      so base+A did NOT equal server_now - it sat a constant ~246s off (the +245.8 'Base' in the
      logs), and when the 18-bit A wrapped (262.143s) in-game the client saw a 262s offset step and
      slewed to death (-261.76 'New offset' -> 'CRAP backward NET Time' -> freeze on first spawn).
      FIX: A = ms ELAPSED since a per-session base anchor (s._ntp_epoch), so base+A == server_now
      (offset ~0, real lag surfaces on the HUD), and re-anchor the base (resend SYNACK fa_s:fa_frac +
      reset epoch, A->0) every NTP_REANCHOR_S=180s < 262s so elapsed never reaches the wrap. New
      TX/REANCHOR log line marks each re-anchor. Supersedes the v205-210 phase/stamp attempts.
v210:
v210: THE NET-TIME FREEZE ROOT CAUSE - stale GAME_DEF CreationTime (found by comparing the
      client's game-clock derivation against the 2009 logs). The client seeds its clock from the
      GAME_DEF: WORLD_TIME::Init ss=CreationTimeSeconds, then each spawn Seconds = CreationTimeSeconds
      + (StartTime - CreationTime)/1000, with StartTime on the NET-ms clock our SYNACK fa_s anchors.
      In 2009 the arena's CreationTimeSeconds was contemporaneous with the session (~3 min old). OUR
      arenas are PERSISTED in the DB, so the served CreationTimeSeconds was ~7.9 DAYS stale
      (3991878344 vs connect fa_s ~3992558957, messages65). The client mixed a TODAY NET-ms clock
      with a 7.9-day-old CreationTime; the growing inconsistency is what the per-respawn time re-fit
      couldn't reconcile -> 'CRAP backward NET Time' -> freeze (the varying 262/392/544s jumps were
      the per-session staleness, never a fixed wrap). FIX: build_lz_gamedef now stamps a FRESH
      CreationTime(ms @off5)/CreationTimeSeconds(@off9) from fa_timestamp() at serve time, so every
      arena looks freshly created 'now' on the same fa_s timeline - exactly like a live host.
      Removed the v208/209 HQ-reentry SYNACK re-anchor (wrong cause). Kept v207 FA_EPOCH-phased A
      (correct) and v206 1s beacons (harmless belt-and-suspenders; 2009 tolerated long gaps).
v209:
v209: HQ re-anchor CORRECTNESS (found by comparing v208 against the 2009 host logs). The 2009
      base anchor (client 'CreationTimeSeconds') was IDENTICAL on connect (01:31) and on world
      re-entry (03:04) = 3451426175 - i.e. the NET-time base is a FIXED connect constant that the
      host replays verbatim, and the client derives elapsed time from its own clock on top of it.
      v208 re-sent build_synack() which computes a FRESH fa_s each call, so an HQ re-entry would
      have moved the base forward by the session-elapsed and jumped NET time. FIX: capture the
      connect SYNACK's (fa_s, fa_frac) on the session (s.synack_base) and REPLAY it on HQ re-entry
      via build_synack(fixed_fa=...). Also confirmed from 2009 that the client tolerates long
      dead-air (a ~48s world-load with zero inbound FA msgs did NOT freeze), so the freeze was
      never beacon-starvation - it was the phase/base anchoring (v207 + this). The 1s beacon
      cadence (v206) is kept as belt-and-suspenders but is not what 2009 relied on.
v208:
v208: HQ-REENTRY FREEZE (the remaining case after v207). v207 fixed the wrap-during-flight freeze
      - the client now flies THROUGH the 18-bit A_ms wrap during in-arena respawns (run_233934: it
      survived A_ms 261898->4757 mid-flight). The last freeze is specifically the crash -> exit-to-HQ
      -> change-plane -> re-fly path: the client tears down its world + NET-time state on the HQ
      round-trip but the server never re-anchors the client's time BASE (set only from a SYNACK).
      2009 ground truth: an HQ re-fly there produced a fresh 'Seconds=' time re-init (messages04);
      ours did not (messages64) -> stale base + post-teardown offset re-fit drifted to 'CRAP backward
      NET Time' ~40s after the re-fly (392s jump, tsBaseOffset drifting +80->+220 across sessions).
      FIX: on the HQ round-trip re-entry ONLY (detected by entered_game==False at the fly-grant),
      re-send the SYNACK base anchor + a fresh beacon so the client re-establishes NET time exactly
      as at connect. In-arena respawns (entered_game stays True) are untouched. Logged as
      TIME-REANCHOR. (Keeps v207 FA_EPOCH-phased A and v206 1s beacon cadence.)
v207:
v207: NET-TIME FREEZE - THE root-cause fix (phase alignment). v206 logging PROVED beacons flow
      at 1s and that the freeze coincides EXACTLY with the beacon A_ms field wrapping the 18-bit
      boundary (run_232813: A_ms 260529 -> 3389 on the ident=2 respawn = the 3rd re-entry the
      user saw freeze). Root cause: the client anchors its NET-time BASE from the SYNACK fa_s
      field, which is measured from FA_EPOCH (int(time.time())-FA_EPOCH), but v205/206 sent the
      beacon A field as unix-ms & 0x3FFFF. Those two have DIFFERENT zero points, off by a constant
      FA_EPOCH*1000 mod 2^18 = 121856 ms (~122s). The client computes NET time = base + A; the
      ~122s phase skew plus the 262s wrap made a respawn re-fit land on the wrong absolute second
      and snap time backward -> 'CRAP backward NET Time' -> freeze. FIX: A = (time.time()-FA_EPOCH)
      *1000 & 0x3FFFF, so A shares FA_EPOCH's zero point with the base. base + A is now correct at
      every sample and the 18-bit wrap is transparent across respawns. (v206's 1s beacon cadence
      and in-game beacon logging are kept.)
v206:
v206: NET-TIME FREEZE, likely root cause + diagnostics. run_230020 (the run that MATCHED the
      freeze test, same machine so no clock skew) logged only TWO time beacons the entire
      session - both from the connect handshake. The in-game 5s keepalive beacon had no log
      line, masking that the client got NO periodic NET-time correction while flying. The client
      holds NET time = own_clock + server_offset and re-fits the offset on each respawn; with no
      fresh beacon the 4th re-fly snapped the offset backward ~544s (client Time reverted to ~4s
      after the FIRST spawn) -> 'CRAP backward NET Time' -> freeze. FIX: beat the in-game TIME
      beacon every HEARTBEAT_INTERVAL=1s (was 5s) so the client re-anchors well inside the 18-bit
      A-field wrap (~262s), and LOG it 1-in-5 (seq + A_ms) so the next test proves the cadence and
      the values the client receives near any re-fit. Diagnostic-forward: if it still freezes, the
      beacon log will show whether beacons flow (encoding bug) or stop (thread/gating bug).
v205 (prior):
v205: NET-TIME FREEZE, real fix (reverts v204's rebase, which made it worse). The freeze is the
      client's 'CRAP!!! HUGE backward NET Time' meltdown: it anchors NET time at the SYNACK base
      and advances by the beacon's A field (dword & 0x3FFFF = 18-bit ms, A/1000 = seconds; decoded
      in vcncNet FUN_10007fc0). v202/203 sent A = (now - module_load_epoch)*1000, whose phase was
      UNRELATED to the SYNACK base (which uses fa_timestamp/FA_EPOCH); the phase mismatch surfaced
      as a ~262s backward jump each time A's 18-bit field wrapped -> freeze. v204 rebased A per
      arena entry, which only swapped the 262s wrap jump for a session-elapsed (~290-327s) jump
      (messages60) since it reset the counter mid-session. FIX: A = int(time.time()*1000) & 0x3FFFF
      - server WALL-CLOCK unix ms, low 18 bits, the SAME clock fa_timestamp() anchors the base to,
      so A and the base are phase-locked and the wrap is invisible to the client's high-order
      reconstruction. Inherently monotonic; no per-session state, no rebasing. Removed v204's
      per-session tsync_ms/tsync_rebase and the fly-grant rebase call.
v204: TWO FIXES for the exit-to-HQ -> change-plane -> re-fly freeze (messages58, AC2E_Bigalon).
      (1) NET-TIME WRAP FREEZE (the actual freeze). The beacon/time_reply A field is an 18-bit
      ms counter that WRAPS every 262.143s. The client re-bases its clock-drift regression on
      every arena (re-)entry; the wrap landed inside that fresh ~8-sample fit window on the second
      re-fly -> a ~260s BACKWARD NET-time jump ('CRAP!!! HUGE backward NET Time difference of
      260.324' in vcncnet...621.log) -> link death -> client froze at 09:28 while the time thread
      spun. FIX: the ms counter is now PER-SESSION (S.tsync_ms) with its origin RE-BASED to now on
      each arena entry (S.tsync_rebase, called from handle_fly_start_place), so it restarts near 0
      exactly when the client re-fits -> the wrap can never fall in the window. build_beacon/
      build_time_reply take the session; the module-global tsync_ms is the pre-session fallback.
      (2) msg 14 REASSIGN echo. On respawn the client sends 'out 14' (Reassign obj owner); FA has
      NO inbound in-game handler (slot 0xcbc1c8 unset), so our generic echo made it log 'Unsupported
      message 14' and corrupt its object list. 0x0e added to NO_ECHO_SUBS -> swallowed (the respawn
      CreateObject already re-binds the object on peers, so the reassign is redundant for us).
v203: REAL SCORING (msg 33 ScoreEvent) - grounded in the 2009 live-host logs (messages04).
      The kill flow there is: victim 'in 3'21' (MEC=5,EEC=3 = shot down by enemy) removes the
      plane, then the host sends the KILLER a separate 'in 33'14' ScoreEvent (MEC=1,EEC=3) that
      ticks its in-game scoreboard. Decoded FUN_004f9ad0/FUN_004f9b0f: payload
      [0x21][b1][killer PlayerIndex:u16][Type=(EEC<<4)|MEC][9B]; points are computed client-side
      from the local damage list (msg 33 is the trigger, not the amount). Added build_score_event_33
      + send_score_event_to_killer, fired from the death handler after the scored delete. Ground
      (PvE) score stays inline with the msg-36 scene-destroy ('You have destroyed X. Score:N',
      per-target value from the object-type score table). DB accumulation (db_credit_kill) unchanged.
v202: NAME TAGS + SCORE - object-record tag bit7 (0x80) = HUMAN-owned plane flag,
      decoded from FUN_004f26b0 (CreateObject dispatcher, case 1/8 PLANE, test @0x4f2714):
      bit7 SET -> lookup GamerClientScore[St] (FUN_004f2560 -> mgr@0xc822d8[St*4+0xc]) and
      bind it to the NetPlane (FUN_00427530 -> plane+0x128) = pilot name tag renders and
      kills attribute to the pilot's score. bit7 CLEAR (the pre-v202 bug) -> DRONE branch:
      plane+0x128=0, no owner binding, NO name tag, no score attribution. The score slot
      is created by the tag-0 client record leading the 83-byte first-spawn create and
      PERSISTS on the peer, so object-only re-creates with bit7 are safe as well.
      (Related, not yet wired: msg 88 AceOrRankChangedCB @0x4f4120 = [88][PlayerIndex u32]
      [b5][b6] -> client+0x50=b5, client+0x30=b6 (rank/aces for the tag) - next step.)
v201: remote plane TYPE fix - out-4 spawn byte[8] = selected plane ordinal, stored per
      session and forwarded in the msg-2 object record byte[1] (was hardcoded P-39D).
v200: PvE part 2 - SCENE-DESTROY (msg 36) builder + broadcast, and a live-validatable
      'destroy' console command. Grounded in the 2009 live-server logs (messages04): the
      real destroy loop is  out 28 (hit) + out 31 (ground-damage report) -> in 36 (server's
      authoritative SCENE DESTROY/STATE) -> client prints 'You have destroyed GER Birchwood'.
      msg 36 (0x24) handler LAB_004f9d90 decoded: wire = [0x24] then N x 7-byte records
      [sceneIdx u16 LE][camp/0xFF u8][progress f32]; camp 0xFF = neutralized/destroyed,
      progress <= 0 flips the scene to captured. It is delivered through the IN-GAME VNET
      dispatch (FUN_004f18a0) which passes the TRUE message length (not bc*16+1) - the live
      'in 36'8' = exactly one 7-byte record - so msg 36 is framed with build_ingame_pkt
      (Size == n), NOT the appspace bc*16+1 tiler.
        * build_scene_destroy_36(scene_idx, camp, progress) - the 8-byte-per-record builder.
        * broadcast_scene_36(room_id, ...) - reliable send to everyone in the room.
        * console 'destroy <sceneIdx> [camp] [progress]' - fire msg 36 at a KNOWN scene index
          (e.g. 30 = 'Bomber Airfield' on TRN02) to validate the wire format in isolation,
          with ZERO dependence on the still-unconfirmed msg-31 objidx->sceneIdx mapping.
      Per-scene HP store (SCENE_HP) + auto-destroy-on-depletion logic is implemented but
      GATED OFF (AUTO_SCENE_DESTROY=False): msg 31 reports a finer per-piece object index
      (129/130/376) whose relation to the 0-59 scene index is not yet confirmed, and sending
      msg 36 with an out-of-range sceneIdx trips the client's bounds assert. The gate stays
      off until the next live capture (v199 GROUND31 logs) pins the mapping.
v199: PvE groundwork, part 1 + 5-MINUTE SESSION-DEATH fix.
      (1) msg 31 (0x1f) = GROUND-OBJECT DAMAGE REPORT is now consumed and decoded, never
      echoed. The client has NO inbound handler for 31 (dispatch slot 0xc81f54 is set to 0
      unconditionally in FUN_004f1240), so v198's generic echo raised 'NET::MESSAGE with
      Unknown Type 31' on every strafing/bomb/crash report (messages17). Records are 6 bytes:
      [attacker ONumber u16 LE][target static-object idx u8][event u8, 0x05 seen][damage u16
      LE] - observed: strafing dmg 92..1239 on objs 129/130, bomb splash = two records in one
      msg, fuel-tank crash = obj 120 dmg 9976. Consumed in all three arrival forms (direct
      sub=0x1f, type-scan pl[8]=0x1f, compound inner). v199 logs + accumulates per-object HP
      server-side (GROUND_HP dict, no client notify yet - that's part 2).
      (2) THE 300s DEADLINE: the post-auth drain loop ran 'while time.time()<deadline' with
      deadline=login+300s, so five minutes after login the server silently stopped PROCESSING
      reliable messages (still ACKing them!) - all msg-31s of the second flight, the exit-
      appspace and the disconnect of session 01-Jul were RELRX-logged but never handled
      ('Can't exit AppSpace' / 'Can't disconnect server' client errors). Loop now runs until
      s.closing.
v198: BAIL-OUT respawn fix, part 3 (completes v196/v197). v197 kept the object NUMBER in
      lock-step by consuming one for the parachute, but did NOT advance the spawn IDENT -
      and the client's local object-registration ident advances for EVERY object it creates,
      parachute included (out-4 payloads: plane1=ident 0, parachute=ident 1, plane2=ident 2).
      The respawn's ServerConfirm therefore carried ident=1 while the fresh plane was
      registered under ident 2 -> FUN_007e5030 found no local object with ident 1 ->
      'Confirm object 258 not found in list, send delete' (messages08) -> fresh plane deleted,
      sim loop never started, dead engine. Fix: the ident is IN the client's out-4 payload
      (u16 LE right after the 0x04 msg-id: pl[5:7] direct, pl[9:11] on the type-scan
      double-wrapped re-spawn form) - parse and ECHO it instead of trusting a server-side
      counter; the counter remains only as a fallback and is resynced from the parachute's
      out-4 ident field too.
v197: BAIL-OUT respawn fix, part 2 (completes v196). v196 stopped echoing the parachute's
      msg-4 (killing the 'Unsupported message 4' error) but SWALLOWED it outright - and the
      client allocates a fresh object Number for the parachute, so the server's Number counter
      then ran one BEHIND. The next respawn's ServerConfirm carried the stale Number (259 vs the
      client's 260) -> 'Confirm object 259 not found in list -> send delete' -> fresh plane deleted,
      dead engine. Now the parachute out-4 (type=0xf2 sub=0x04) CONSUMES a Number to stay in
      lock-step with the client (still no echo, no confirm, no spawn-ident advance).
v196: BAIL-OUT respawn fix. On a bail the client spawns the parachute pilot and sends its
      object state as msg-4 wrapped type=0xf2 sub=0x04 (out 4'15). That fell through to the
      generic echo -> the client received an echoed msg-4 -> 'ERROR: Unsupported message 4',
      which CORRUPTED its object list, so the next spawn's ServerConfirm was refused ('Confirm
      object 260 not found in list -> send delete') and the fresh plane was deleted (dead engine,
      teardown). msg-4 is the client's OWN object state and must NEVER be echoed - the normal
      spawn out-4 (type=0x12) is ServerConfirmed; any other sub=0x04 is now swallowed.
v195: RESPAWN-AFTER-CRASHLAND fix, part 3 (the actual one). v193/v194 fixed the DIRECT msg-3
      death path, but the log showed the crashland delete arrives WRAPPED - outer type=0x06,
      inner sub=0x03 - which hit the type-scan 'notify -> swallow' branch and bypassed the death
      handler entirely, so obj_confirmed was never re-armed and the respawn's out 4 still got no
      ServerConfirm (Conductor error, dead engine, CTD). The in-arena own-plane-removal logic
      (drop plane + stay in arena + re-arm obj_confirmed/flying) is now a shared helper
      _ingame_own_object_removed, called from BOTH the direct tb=0x42/0x52/0x32 path and the
      wrapped scan-inner (outer 0x06) path.
v194: RESPAWN-AFTER-CRASHLAND fix, part 2 (completes v193). A crashland respawn does
      InsertPlayer + out 4 with NO fresh StartPlace (the plane is on the ground, client
      continues in place), so obj_confirmed stayed True from the prior spawn and
      _fire_server_confirm gated the out-4 out -> no ServerConfirm -> Conductor error ('Server
      sent client something it doesn't understand'), engine-start ignored, then CTD. Now the
      msg-3 death handler ALSO re-arms obj_confirmed/flying = False, so the next out 4 confirms
      a fresh object whether or not a StartPlace preceded it. (v193 kept entered_game=True so
      the out-4 handler still runs; both are required.)
v193: RESPAWN-AFTER-CRASHLAND fix - the msg-3 own-plane delete used s.flying to tell a death
      from an exit-to-HQ, but a CRASHLAND (off-runway, over-speed damage) sends no respawn
      StartPlace first, so flying stayed True and the death was mis-handled as an exit ->
      handle_leave_arena cleared entered_game / sent the 0xDA handoff and BROKE the next
      respawn (engine-start ignored, in-game base-switch gone, only a full rejoin recovered).
      Now ANY in-arena own-plane removal is treated as a death: drop the dead plane on peers
      and stay in the arena so respawns work in place. Real leave-to-lobby still comes as
      msg-64 and tears down normally.
v192: WEB ARENA SETTINGS EDITOR - '[gear] Edit Settings' button on each arena in the web /admin
      panel opens a per-arena editor (name, section-header/title, status + GAME_DEF settings).
      Wired settings so far: the 7 visual ranges (fighters/bombers/tanks/plane-tags/other-tags/
      padlock/chat) and the 2 oxygen ceilings (with/without mask), edited in feet. These live in
      the fixed 173-byte post-plane-block GAME_DEF tail (float32 metres), located per-arena via
      _gamedef_plane_block so offsets hold across arenas (verified byte-identical on TC/Nations/
      FFA). Edits are stored as {key:feet} JSON in a new rooms.settings_json column and APPLIED
      AT 212 SERVE TIME in build_lz_gamedef (in-place float writes - original blob never mutated,
      212 stays bc*16+1 aligned). Take effect on the next arena entry. Pre-block settings
      (checkboxes/dropdowns/physics/weather) are variable-offset and not yet wired.
v191: Arena-creation AUTO-JOIN fix - the CREATE flow sends no 0xc8 SendEnterToGame; the client
      drives entry off the 1-Hz 0x43 game-connect poll and waits for a JoinToGameAnswer 201 to
      clear it. We only echoed 'room confirm', so the poll never stopped -> ~15s soft timeout ->
      client exits. Now the creator's first post-create 0x43 poll grants the 201 (enter game
      mode, alloc ClientNumber/PlayerIndex, stand up player-object layer), same as the 0xc8
      path. Gated by a create-only flag; join/lobby polls untouched. (In-arena OPTIONS still
      read-only - that is FA's peer-host 'am I the arena host?' check, tracked separately.)
v190: Arena-list category grouping fix - the 0xd2 block-boundary pad was appended to the LAST
      record's name1 (the CATEGORY the client groups rows under), so a shared category split
      into a duplicate 'Dogfighting   Arenas' header. Pad now lands on name2 (display label,
      invisible), keeping every category byte-clean so same-category arenas group together.
v189: STABLE MILESTONE - 2-player flight + team changes + crash recovery.
      * Per-side plane catalog now echoed as 3-byte [planeID][ushort] records so the client's
        msg-58 reader (len-1)/3 ingests every kept plane (GE bombers no longer dropped).
      * Telemetry relay marker is size-independent (cmd==0, opcode 0x07, T&0x0f==2, scan off
        0/4) - fixes asymmetric visibility (both clients now see each other).
      * Team-change roster: broadcast on current_room (not entered_game) so switches made at
        team-select propagate; self-63 sent JOIN-only (neutral echo caused a lobby-bail loop);
        no-op dedup so reliable retransmits of the same side don't re-broadcast (flood/CTD).
      * Server crash-recovery: SIO_UDP_CONNRESET disabled on Windows (a client CTD no longer
        starves recvfrom -> reconnect gets a populated pilot/arena list without a restart);
        Linux is immune by default. Reconnect reaps the stale same-account ghost session.
      Known-rough (deferred, non-blocking): reliable-seq wrap wedge after a very long single
      segment (~250 pkts, no re-entry); exit-to-lobby re-entry reliable desync on that path.
v188: FFA neutral-team guard (camps AllianceVar collapse at serve time); GAMEDEF_DEBUG
      flag gates the per-build decompressed-hex dump (default off).

